leftdx,leftdy,rightdx,rightdy,face_center_x,face_center_y,face_width,face_height,face_yaw,face_pitch,face_roll,dot_x,dot_y,avg_iris_x,avg_iris_y,left_iris_rel_face_x,left_iris_rel_face_y,right_iris_rel_face_x,right_iris_rel_face_y,avg_iris_rel_face_x,avg_iris_rel_face_y,left_iris_rel_face_x_norm,left_iris_rel_face_y_norm,right_iris_rel_face_x_norm,right_iris_rel_face_y_norm,avg_iris_rel_face_x_norm,avg_iris_rel_face_y_norm,iris_dx,iris_dy,yaw_avg_iris_x_interaction,pitch_avg_iris_y_interaction,roll_avg_iris_x_interaction,roll_avg_iris_y_interaction,yaw_squared,pitch_squared,roll_squared,avg_iris_rel_face_x_norm_squared,avg_iris_rel_face_y_norm_squared,ablation,pred_dot_x,pred_dot_y,x_error_pixels,y_error_pixels,total_error_pixels
0.4089430272579193,0.5146948099136353,0.5298612713813782,0.518519937992096,0.4700717866420746,0.587424248456955,0.2704906463623047,0.4362020194530487,-0.0294660957938158,0.0587165547854949,0.0261559157552116,0.284375,0.8104166666666667,0.46940214931964874,0.5166073739528656,-0.061128759384155296,-0.0727294385433197,0.05978948473930357,-0.06890431046485901,-0.0006696373224258645,-0.07081687450408936,-0.22599212928921764,-0.16673337956385656,0.22104085051728897,-0.15796421339730524,-0.00247563938596433,-0.1623487964805809,0.12091824412345886,0.0038251280784606934,7.294742729776827e-05,-0.00953256200291119,-6.475261521956678e-05,-0.004246381443706067,0.0008682508013303291,0.0034476338058780243,0.0006841319289937264,6.128790369337845e-06,0.026357131718693076,RELATIVE_IRIS_TO_FACE,0.36214194210743067,0.891715011391834,49.770842948755636,39.02320546808029,63.2451371477184
0.408339262008667,0.526113748550415,0.531004011631012,0.5287628173828125,0.4706887185573578,0.5939091205596924,0.2712875008583069,0.4358503222465515,-0.0323172906034979,0.0657969286228581,0.0157130348897366,0.284375,0.8104166666666667,0.4696716368198395,0.5274382829666138,-0.062349456548690785,-0.06779537200927732,0.060315293073654186,-0.06514630317687986,-0.0010170817375182994,-0.06647083759307859,-0.22982796499340447,-0.15554736796879826,0.22232978172429319,-0.1494694356227494,-0.0037490916345556354,-0.15250840179577382,0.12266474962234497,0.002649068832397461,0.00012116048385307744,-0.010034584427342695,-5.890960765859232e-05,-0.002396369838394962,0.0010444072719509338,0.004329235816201484,0.0002468994654460797,1.4055688084295046e-05,0.023258812618301188,RELATIVE_IRIS_TO_FACE,0.3561202091641721,1.3651210166189172,45.91693386507014,266.2580879770802,270.1883310374077
0.4125525057315826,0.5220632553100586,0.5340448617935181,0.528237521648407,0.4740360617637634,0.5971462547779083,0.2715376913547516,0.4437308013439178,-0.0327885954276742,0.0620681792461415,0.0352327701058643,0.284375,0.8104166666666667,0.47329868376255035,0.5251503884792328,-0.06148355603218081,-0.07508299946784969,0.06000880002975467,-0.0689087331295013,-0.0007373780012130404,-0.07199586629867549,-0.22642732749606417,-0.1692084424799068,0.22099619953457558,-0.15529400115533767,-0.0027155639807442053,-0.16225122181762225,0.12149235606193548,0.006174266338348389,8.903952872258619e-05,-0.010070637918681642,-9.56768414413263e-05,-0.005716559997695879,0.0010750919901196974,0.00385245887493115,0.001241348089332685,7.374287733515315e-06,0.026325458981311257,RELATIVE_IRIS_TO_FACE,0.31313414757489716,0.7775558430923207,18.40585444793419,15.773195315686053,24.239826080756423
0.4133298397064209,0.5188705325126648,0.5353711247444153,0.5245684385299683,0.4749233543872833,0.5943587958812714,0.2719578742980957,0.4412244856357574,-0.0295096364079482,0.0598626332375933,0.0327599317755048,0.284375,0.8104166666666667,0.4743504822254181,0.5217194855213165,-0.06159351468086238,-0.07548826336860659,0.060447770357132,-0.06979035735130312,-0.00057287216186519,-0.07263931035995486,-0.22648181294626166,-0.17108810620279832,0.22226886531767032,-0.15817425832340218,-0.0021064738142956693,-0.16463118226310025,0.12204128503799438,0.005697906017303467,6.2161276362729e-05,-0.009855256083287346,-6.900793844321349e-05,-0.00539330629905986,0.0008708186409293018,0.00358353485813861,0.001073213129935729,4.4372319303133455e-06,0.027103426173346136,RELATIVE_IRIS_TO_FACE,0.3290049079837879,0.7356290570093811,28.56314110962426,35.89805263549708,45.875082703677236
0.4111085534095764,0.5269917249679565,0.5338427424430847,0.5322374701499939,0.4734238803386688,0.6008493304252625,0.2732768058776855,0.4438796043395996,-0.0300506627953439,0.0648203103934651,0.0298317131090215,0.284375,0.8104166666666667,0.47247564792633057,0.5296145975589752,-0.06231532692909236,-0.07385760545730591,0.06041886210441594,-0.06861186027526855,-0.0009482324123382124,-0.07123473286628723,-0.22803005344216154,-0.16639107332556968,0.2210903325639541,-0.1545731276200839,-0.003469860439103721,-0.1604821004728268,0.1227341890335083,0.0052457451820373535,0.00010427160600240984,-0.010402499565243885,-0.00010351188114768557,-0.004787455980438533,0.0009030423344394661,0.00420167263950516,0.0008899311070189651,1.2039931466857065e-05,0.025754504572170475,RELATIVE_IRIS_TO_FACE,0.3099901325192792,0.8926006704965086,16.393684812338698,39.44832183832412,42.71911747199729
0.4076293408870697,0.5213606357574463,0.5293166041374207,0.5260107517242432,0.4706417500972747,0.59575657248497,0.272174209356308,0.442728728055954,-0.0347400223659044,0.06134380029068,0.0269517915690828,0.090625,0.4916666666666666,0.4684729725122452,0.5236856937408447,-0.06301240921020501,-0.07439593672752376,0.05867485404014594,-0.06974582076072688,-0.0021687775850295354,-0.07207087874412532,-0.23151498095311657,-0.16803954731784607,0.2155782945898108,-0.15753624006199504,-0.007968343181652893,-0.16278789368992055,0.12168726325035095,0.004650115966796875,0.00027682042034982336,-0.009986028040254932,-0.00021476112458283087,-0.004387425380700748,0.001206869153983538,0.0037630618341028313,0.0007263990687832827,6.349449306059416e-05,0.026499898332000876,RELATIVE_IRIS_TO_FACE,0.24195175863217327,0.786269808186365,96.84912552459089,141.40950792945526,171.3954551548221
0.4056547284126282,0.5156704783439636,0.527432382106781,0.5181776881217957,0.4694172024726867,0.5909577429294586,0.2716675996780395,0.4443289935588836,-0.0369917587902653,0.0586445342129866,0.0155688551130311,0.090625,0.4916666666666666,0.4665435552597046,0.5169240832328796,-0.06376247406005853,-0.07528726458549495,0.058015179634094305,-0.07278005480766292,-0.002873647212982111,-0.07403365969657894,-0.23470767875355156,-0.16944035609306718,0.21355206718551997,-0.1637976684500136,-0.010577805784015794,-0.16661901227154038,0.12177765369415283,0.0025072097778320312,0.00039129164009258537,-0.009771294365692384,-0.00016468432566512425,-0.002594067261131963,0.0013683902183971699,0.003439181393058156,0.0002423892495305546,0.000111889975204358,0.027761895250343727,RELATIVE_IRIS_TO_FACE,0.22842822324398904,0.6172342266659037,88.19406287615297,60.2724287996338,106.82208760368685
0.4046513140201568,0.5130041837692261,0.525480329990387,0.5152252316474915,0.4672518670558929,0.5895146071910858,0.2707718014717102,0.4407121241092682,-0.0432381195990047,0.0579258505887774,0.0189723504083477,0.090625,0.4916666666666666,0.4650658220052719,0.5141147077083588,-0.06260055303573608,-0.07651042342185976,0.058228462934494074,-0.07428937554359438,-0.002186045050620977,-0.07539989948272707,-0.23119302077822265,-0.17360634641135184,0.2150462510037818,-0.16856666697807646,-0.00807338488722033,-0.17108650669471415,0.12082901597023016,0.002221047878265381,0.00034907798132242967,-0.009910331424553876,-0.00015317108706180277,-0.0032459131551522413,0.0018695349864578342,0.0033554041664333634,0.0003599500800171311,6.517954353719761e-05,0.029270592773000467,RELATIVE_IRIS_TO_FACE,0.2823667296036913,0.46255683372824086,122.71470694636243,13.97271981044435,123.50763620049084
0.4039286673069,0.5167452692985535,0.5249255895614624,0.5197075009346008,0.4655465185642242,0.5928960859775543,0.2710441946983337,0.4443115293979645,-0.0551109026388237,0.0664535304774331,0.0241019246197516,0.090625,0.4916666666666666,0.4644271284341812,0.5182263851165771,-0.06161785125732416,-0.07615081667900081,0.059379070997238215,-0.07318858504295345,-0.0011193901300429743,-0.07466970086097713,-0.22733506265482967,-0.1713905895448586,0.21907522820244701,-0.16472357468393212,-0.004129917226191319,-0.16805708211439538,0.12099692225456238,0.0029622316360473633,0.0002276034661590306,-0.01116798642823745,-9.953895367147679e-05,-0.004050499124936563,0.003037211589665905,0.00441607171291513,0.0005809027703761884,1.7056216295191793e-05,0.02824318284880463,RELATIVE_IRIS_TO_FACE,0.3415447990986543,0.532392788100481,160.58867142313875,19.5485382882309,161.77412258657208
0.4005521237850189,0.5154518485069275,0.5212677717208862,0.5171123147010803,0.4637704610824585,0.5891946971416473,0.2701700627803802,0.44220831990242,-0.0657471598339312,0.0590737030185033,0.0166552312628834,0.090625,0.4916666666666666,0.4609099477529526,0.5162820816040039,-0.06321833729743959,-0.0737428486347198,0.05749731063842772,-0.07208238244056697,-0.0028605133295059315,-0.07291261553764339,-0.2339945969842094,-0.16676042409918485,0.21281894788238437,-0.16300548308638385,-0.01058782455091252,-0.16488295359278435,0.12071564793586731,0.001660466194152832,0.0006961193930424662,-0.009740246633353804,-0.00017634266646628257,-0.0027461637233950945,0.004322689026228496,0.003489702388318326,0.00027739672842012853,0.0001121020287209059,0.02718638838548028,RELATIVE_IRIS_TO_FACE,0.2502056325880101,0.7003729994074814,102.13160485632645,100.17903971559113,143.06189118303584
0.3988829851150512,0.5168277025222778,0.5197792053222656,0.5189546942710876,0.4621955215930938,0.5891268372535705,0.2695578932762146,0.4426490068435669,-0.0696758004710298,0.0577162502837841,0.0121798615173265,0.140625,0.9416666666666668,0.45933109521865845,0.5178911983966827,-0.06331253647804258,-0.07229913473129268,0.05758368372917183,-0.07017214298248287,-0.002864426374435347,-0.07123563885688777,-0.23487545981230812,-0.1633328709207172,0.21362268747938037,-0.15852772809225926,-0.010626386166463775,-0.16093029950648824,0.12089622020721441,0.0021269917488098145,0.0007404019622626412,-0.009288293444560811,-0.0001294279119371628,-0.0019601087619309037,0.004854717171278756,0.003331165546820408,0.00014834902658125097,0.00011292008295881268,0.02589856129924801,RELATIVE_IRIS_TO_FACE,0.24316677431714906,0.8620259062117781,65.6267355629754,38.22756501834655,75.94876659883695
0.4012458920478821,0.5213937759399414,0.5232140421867371,0.5239898562431335,0.4641284048557281,0.5933699488639832,0.2691757977008819,0.4401324987411499,-0.0657669180199691,0.0610208447823311,0.0151268034127979,0.140625,0.9416666666666668,0.46222996711730957,0.5226918160915375,-0.06288251280784601,-0.07197617292404179,0.05908563733100897,-0.06938009262084965,-0.0018984377384185236,-0.07067813277244572,-0.23361130907322616,-0.1635329622206396,0.21950574918183996,-0.15763455605514787,-0.007052779945693106,-0.16058375913789374,0.12196815013885498,0.0025960803031921387,0.0004638396005012806,-0.009798956640916658,-0.00010668601575222305,-0.002429118955767007,0.004325287505845337,0.0037235434979493447,0.00022882018148943418,4.9741704962370845e-05,0.02578714369885707,RELATIVE_IRIS_TO_FACE,0.2957843855049187,0.9432025007078981,99.30200672314797,0.7372003397910554,99.30474310719056
0.4022567868232727,0.5235991477966309,0.5247527360916138,0.5270885229110718,0.4656676769256592,0.5952919960021973,0.2703023552894592,0.44137042760849,-0.0577228357450989,0.0628973093330463,0.0205156315656152,0.140625,0.9416666666666668,0.46350476145744324,0.5253438353538513,-0.06341089010238649,-0.07169284820556643,0.05908505916595458,-0.06820347309112551,-0.0021629154682159535,-0.06994816064834597,-0.23459243515861045,-0.16243237447896391,0.21858876115524206,-0.15452660006111288,-0.008001837001684201,-0.1584794872700384,0.12249594926834106,0.003489375114440918,0.0004618887229072718,-0.00996793333376618,-0.00016416273977466007,-0.003251306771539712,0.003331925766455667,0.003956071521336913,0.0004208911385360668,6.40293954015224e-05,0.025115747885374268,RELATIVE_IRIS_TO_FACE,0.2610905673986137,1.0208777518645038,77.09796313511276,38.021320894961775,85.96346178569628
0.4023669362068176,0.5160169005393982,0.5246704816818237,0.518983781337738,0.4655778884887695,0.5886680722236634,0.2703453004360199,0.4419893622398376,-0.0581391298232014,0.0567002829670503,0.0175314786825823,0.140625,0.9416666666666668,0.4635187089443207,0.5175003409385681,-0.0632109522819519,-0.07265117168426516,0.05909259319305421,-0.06968429088592532,-0.0020591795444488414,-0.07116773128509524,-0.23381560486476957,-0.16437311900984422,0.21858190585125428,-0.15766055761203324,-0.007616849506757648,-0.16101683831093871,0.1223035454750061,0.0029668807983398438,0.00044283700231717045,-0.00912970029469001,-0.00013353463475615921,-0.002822863268385023,0.0033801584165990667,0.003214922088543574,0.0003073527447978376,5.801639640859423e-05,0.025926422219650982,RELATIVE_IRIS_TO_FACE,0.27642809031863236,0.9030680858633269,86.91397780392471,18.527318785603146,88.8667602598659
0.4024659991264343,0.522620439529419,0.524803102016449,0.525817334651947,0.4656628370285034,0.594098562002182,0.2706596255302429,0.441883236169815,-0.0583881222176587,0.0616937884383779,0.0167301944763735,0.140625,0.9416666666666668,0.46363455057144165,0.524218887090683,-0.06319683790206909,-0.07147812247276308,0.05914026498794556,-0.06828122735023501,-0.0020282864570617676,-0.06987967491149905,-0.2334919197621088,-0.16175793740162342,0.2185041920716595,-0.15452323196701295,-0.007493863845224647,-0.1581405846843182,0.12233710289001465,0.003196895122528076,0.00043755263807747043,-0.009756291775035711,-0.00012537379951007248,-0.0026457227363760557,0.003409172816104249,0.003806123531879331,0.00027989940721727836,5.615799533076513e-05,0.025008444524298012,RELATIVE_IRIS_TO_FACE,0.27599710162041696,1.025239680238001,86.63814503706686,40.11504651424046,95.47452609101293
0.4033522605895996,0.5212967395782471,0.525192141532898,0.5241450071334839,0.4660457909107208,0.5934889853000641,0.2709663510322571,0.4433906376361847,-0.0575123167067049,0.0604583524586863,0.0165487390559894,0.3703125,0.1458333333333333,0.4642722010612488,0.5227208733558655,-0.06269353032112118,-0.07219224572181704,0.05914635062217716,-0.06934397816658022,-0.0017735898494720126,-0.07076811194419863,-0.23137016005340183,-0.1628186027528775,0.21827931111764867,-0.15639476957005877,-0.006545424467876573,-0.15960668616146814,0.12183988094329834,0.0028482675552368164,0.0003764425249763328,-0.009649557286712969,-0.00010831852152957768,-0.0026412894008773307,0.003307666572972327,0.0036552123820187393,0.00027386076434322897,4.284258146467732e-05,0.025474294267445387,RELATIVE_IRIS_TO_FACE,0.3003498486751368,0.9291371973439839,44.776096847912434,375.9858547251123,378.6426571350709
0.4088388979434967,0.5065349340438843,0.5281005501747131,0.5100597739219666,0.4672275185585022,0.5834527909755707,0.2694772779941559,0.4451810419559479,-0.0583694244636539,0.0531985071158752,0.0288406812855725,0.3703125,0.1458333333333333,0.4684697240591049,0.5082973539829254,-0.05838862061500549,-0.0769178569316864,0.06087303161621094,-0.07339301705360413,0.0012422055006027222,-0.07515543699264526,-0.21667362414702557,-0.1727788201985238,0.22589299480233407,-0.16486105311792695,0.004609685327654261,-0.1688199366582254,0.11926165223121643,0.0035248398780822754,-0.0002690646795337291,-0.008980968601614204,0.00013294646536165638,-0.004868881987810416,0.003406989712218199,0.002830081159357824,0.0008317848970159718,2.124919881999097e-05,0.028500171013287234,RELATIVE_IRIS_TO_FACE,0.49834794497391915,0.43436874348245214,81.94268478330827,138.49699687157707,160.92240904219105
0.4090820848941803,0.5112105011940002,0.5290915966033936,0.5156005024909973,0.4680195093154907,0.5881209254264832,0.2697731852531433,0.4482951164245605,-0.0563472331128979,0.060401848442205,0.0365089147127594,0.3703125,0.1458333333333333,0.4690868407487869,0.5134055018424988,-0.05893742442131039,-0.07691042423248295,0.061072087287902865,-0.07252042293548588,0.001067331433296237,-0.07471542358398442,-0.21847027598871008,-0.17156203513942397,0.2263830816497373,-0.16176937615602138,0.00395640283051361,-0.16666570564772268,0.12000951170921326,0.00439000129699707,-0.00022293235257947946,-0.010066916693046896,0.00014444397350854124,-0.006084784033034569,0.003175010679479258,0.003648383295235103,0.0013329008535035395,1.5653123357296102e-05,0.02777745743905334,RELATIVE_IRIS_TO_FACE,0.4687754086407891,0.4909575616475997,63.01626153010503,165.65962959084786,177.2404076202927
0.4090469479560852,0.5051292181015015,0.5290541648864746,0.5079489946365356,0.4683577895164489,0.5818946599960327,0.2696506679058075,0.4452491998672485,-0.0553338730489418,0.0488473826519315,0.0259345640685642,0.3703125,0.1458333333333333,0.4690505564212799,0.5065391063690186,-0.0593108415603637,-0.07676544189453127,0.0606963753700257,-0.07394566535949709,0.0006927669048309992,-0.07535555362701418,-0.219954357322557,-0.1724100575437719,0.2250926118243535,-0.16607702769768884,0.0025691272508982597,-0.16924354262073035,0.1200072169303894,0.0028197765350341797,-0.00014215976114778116,-0.008267104087763292,6.662919528871513e-05,-0.004389257499288107,0.0030618375065964076,0.002386066791944218,0.0006726016134264612,6.6004148313080494e-06,0.02864337671881497,RELATIVE_IRIS_TO_FACE,0.46972551920681654,0.4414498064343804,63.624332292362595,141.8959070885026,155.50724776716336
0.4097301363945007,0.5113319158554077,0.52979576587677,0.514599621295929,0.4684827804565429,0.5879885435104371,0.2700353264808655,0.4453856348991394,-0.054547449133539,0.053910419653519,0.0297992425874374,0.3703125,0.1458333333333333,0.4697629511356354,0.5129657685756683,-0.058752644062042225,-0.07665662765502934,0.06131298542022712,-0.0733889222145081,0.0012801706790924738,-0.07502277493476872,-0.21757391024342992,-0.1721129284990511,0.22705541511442787,-0.1647761284069394,0.00474075243549907,-0.16844452845299523,0.12006562948226934,0.0032677054405212402,-0.0002585959523300866,-0.009080915217240094,0.00014127083187242146,-0.0050195193658973064,0.0029754242069760244,0.0029063333472185275,0.0008879948587849429,2.2474733654690363e-05,0.028373559165751922,RELATIVE_IRIS_TO_FACE,0.5017065898032039,0.4720124864584079,84.09221747405053,156.5659935000358,177.72003646284867
0.4107876420021057,0.5049950480461121,0.530337393283844,0.5083140730857849,0.4683228194713592,0.5820657670497894,0.2680657505989074,0.444888025522232,-0.053945093128314,0.0495781240108748,0.0272381761414128,0.846875,0.30625,0.47056251764297485,0.5066545605659485,-0.05753517746925346,-0.07707071900367735,0.06201457381248482,-0.0737516939640045,0.0022396981716156783,-0.07541120648384092,-0.21463083289976856,-0.17323621417062351,0.2313408981211664,-0.16577585386721186,0.00835503261069891,-0.1695060340189177,0.11954975128173828,0.0033190250396728516,-0.0004507130122742531,-0.008403791175181466,0.00022757584991746495,-0.004617035211639591,0.00291007307262247,0.0024579903804376807,0.0007419182395106296,6.980656992584224e-05,0.028732295568822484,RELATIVE_IRIS_TO_FACE,0.5673337310478477,0.42070985001124817,178.90641212937751,54.94072800539911,187.1523120209043
0.4199548363685608,0.5044978857040405,0.5398047566413879,0.5089246034622192,0.4717584192752838,0.5821197211742402,0.2688178420066833,0.4431377947330475,-0.0417718122888726,0.0412084695401653,0.0330096855087453,0.846875,0.30625,0.47987979650497437,0.5067112445831299,-0.05180358290672299,-0.07762183547019963,0.06804633736610416,-0.07319511771202092,0.008121377229690585,-0.07540847659111027,-0.19270886408777294,-0.17516410164319005,0.25313176508981405,-0.16517461821185556,0.03021145050102057,-0.1701693599275228,0.11984992027282715,0.004426717758178711,-0.0012619870393031972,-0.007012418885242749,0.0009972704798017146,-0.0056172370544320125,0.0017448843018968078,0.0016981379618427313,0.0010896393373862694,0.000912731741375616,0.028957611058142804,RELATIVE_IRIS_TO_FACE,0.9427151607276298,0.42664960043170697,61.33770286568307,57.79180820721933,84.27459218945441
0.4201154708862304,0.5063587427139282,0.5399066805839539,0.5101173520088196,0.4728973567485809,0.5824417531490326,0.2702502012252807,0.4411669075489044,-0.035831021564404,0.029675159366903,0.0309669069016841,0.846875,0.30625,0.48001107573509216,0.5082380473613739,-0.0527818858623505,-0.07608301043510435,0.06700932383537295,-0.07232440114021299,0.007113718986511253,-0.07420370578765867,-0.19530747311183966,-0.17245855799391477,0.2479529008749375,-0.16393885911038572,0.026322713881549026,-0.16819870855215024,0.11979120969772344,0.0037586092948913574,-0.0009431697287234197,-0.004991323481592329,0.0008151330301695964,-0.005208593748717934,0.0012838621063487846,0.0008806150834510909,0.0009589493230575705,0.0006928852660898938,0.02829080555861118,RELATIVE_IRIS_TO_FACE,0.8881348713599173,0.5441210164295517,26.40631767034705,114.1780878861848,117.19184854866238
0.4213390350341797,0.5039621591567993,0.5409554243087769,0.5082281231880188,0.4737807691097259,0.5810973763465881,0.2691289484500885,0.4435101151466369,-0.0309323358509951,0.0320390841656178,0.0332205390079735,0.846875,0.30625,0.48114722967147827,0.5060951411724091,-0.0524417340755462,-0.07713521718978877,0.06717465519905097,-0.07286925315856929,0.007366460561752386,-0.07500223517417903,-0.19485726982914706,-0.1739198562023487,0.24960024958261373,-0.16430121665086378,0.027371489876733344,-0.16911053642660623,0.11961638927459717,0.004265964031219482,-0.0008466641176092282,-0.0054181467098648114,0.0009092956471563717,-0.0056179431720193955,0.0009568094011987567,0.0010265029141715413,0.0011036042119802888,0.000749198458072116,0.028598373530494513,RELATIVE_IRIS_TO_FACE,0.8962711464234823,0.459264497582848,31.613533711028623,73.44695883976702,79.961686303559
0.4214650094509125,0.5066009163856506,0.5416059494018555,0.5099717378616333,0.4745229363441467,0.5854222476482391,0.2693983316421509,0.4507102072238922,-0.0339195451787862,0.042542793995368,0.025221307732161,0.846875,0.30625,0.48153547942638397,0.508286327123642,-0.05305792689323424,-0.0788213312625885,0.06708301305770875,-0.07545050978660583,0.007012543082237255,-0.07713592052459717,-0.19694971605917502,-0.1748825037694534,0.24901049000077713,-0.16740359304773753,0.026030386970801053,-0.17114304840859548,0.120140939950943,0.003370821475982666,-0.000882938886877374,-0.0072809034521861705,0.0006565204001778075,-0.004316451490133314,0.0011505355451357183,0.0018098893209323194,0.0006361143637203643,0.0006775810458496492,0.029289943018586857,RELATIVE_IRIS_TO_FACE,0.8827112256798041,0.2771122989990803,22.93518443507459,13.986096480441468,26.863238446455128
0.4239901602268219,0.4996628165245056,0.5431519746780396,0.5047027468681335,0.4761226892471313,0.578326815366745,0.2685430943965912,0.4452207386493683,-0.0317188430652912,0.0418757010532541,0.0395169412064142,0.696875,0.9791666666666666,0.4835710674524307,0.5021827816963196,-0.052132529020309404,-0.0786639988422394,0.06702928543090825,-0.07362406849861147,0.007448378205299422,-0.07614403367042544,-0.1941309539019806,-0.1766853837806892,0.24960345037166815,-0.16536531309908423,0.02773624823484378,-0.17102534843988673,0.11916181445121765,0.00503993034362793,-0.0008797617049809699,-0.007161806363797314,0.0010960516907828313,-0.006758398639105506,0.0010060850054005716,0.0017535743387015062,0.0015615886423111965,0.0007692994661448747,0.029249669808984666,RELATIVE_IRIS_TO_FACE,0.889226447475634,0.33144645997638195,123.10492638440572,310.9056992113367,334.39075451064747
0.4173058867454529,0.5126733183860779,0.5360700488090515,0.5169098377227783,0.475004118680954,0.5887633740901947,0.2696473598480224,0.4459274113178253,-0.0271249656272463,0.0535147369406652,0.0324479961922982,0.696875,0.9791666666666666,0.4766879677772522,0.5147915780544281,-0.05769823193550111,-0.07609005570411687,0.06106593012809752,-0.07185353636741643,0.0016838490962982067,-0.07397179603576665,-0.21397661682374564,-0.1706332736373377,0.22646588454586175,-0.16113280532305355,0.006244633861058059,-0.16588303948019562,0.11876416206359863,0.0042365193367004395,-0.00016938547883593822,-0.008877187220700649,0.0002026258557459083,-0.005382572233420239,0.0007357637602792934,0.0028638270698285962,0.0010528724568953983,3.8995452058672886e-05,0.02751718278718814,RELATIVE_IRIS_TO_FACE,0.5196561604994855,0.5281008308735174,113.4200572803293,216.5116011807116,244.42050413029736
0.4168505072593689,0.5025848150253296,0.5360766649246216,0.5066421031951904,0.4747918546199798,0.579110962152481,0.2682730555534363,0.4431513845920563,-0.0277624906268225,0.043708938711781,0.0287636736364367,0.696875,0.9791666666666666,0.47646358609199524,0.50461345911026,-0.057941347360610906,-0.07652614712715144,0.06128481030464178,-0.0724688589572906,0.0016717314720154364,-0.07449750304222102,-0.21597899603182413,-0.1726862378433847,0.22844190555698815,-0.1635307026936064,0.0062314547625820105,-0.16810847026849554,0.11922615766525269,0.00405728816986084,-0.0001730007044376515,-0.00734784282389693,0.00017923953107112808,-0.004835417174323627,0.0007707558858044072,0.0019104713233102275,0.0008273489210634436,3.8831028458106024e-05,0.02826045777601365,RELATIVE_IRIS_TO_FACE,0.5190979839619924,0.4924868190711382,113.7772902643249,233.60632684585363,259.8406968169233
0.4191438257694244,0.5155103802680969,0.5378435254096985,0.5211449861526489,0.4758830249309539,0.5913657128810883,0.269609272480011,0.4445265233516693,-0.0255043173192627,0.0533502482428908,0.0376566133968153,0.696875,0.9791666666666666,0.47849367558956146,0.5183276832103729,-0.05673919916152953,-0.07585533261299138,0.06196050047874457,-0.07022072672843938,0.0026106506586075495,-0.07303802967071538,-0.21044972428104813,-0.17064298061367122,0.22981590214104874,-0.15796745854287864,0.009683088930000416,-0.16430521957827493,0.1186996996402741,0.005634605884552002,-0.00024696057270137055,-0.00876572425210365,0.00036463233632400764,-0.006187178132737947,0.0006504702019216434,0.002846248987578073,0.0014180205325172097,9.376221122629661e-05,0.026996205180665138,RELATIVE_IRIS_TO_FACE,0.5594962761104325,0.6055678909028218,87.92238328932321,179.32741236664552,199.72147182862332
0.4216655194759369,0.5150752663612366,0.5399757623672485,0.5215219259262085,0.4775874972343444,0.5905083179473877,0.2702275812625885,0.4451959133148193,-0.024693975615542,0.0539748308642431,0.0409394455421726,0.696875,0.9791666666666666,0.4808206409215927,0.5182985961437225,-0.055921977758407515,-0.0754330515861511,0.06238826513290413,-0.06898639202117918,0.0032331436872483077,-0.07220972180366514,-0.20694399671448205,-0.1694378758558595,0.23087303869085496,-0.1549573758616734,0.011964520988186443,-0.16219762585876646,0.11831024289131165,0.006446659564971924,-0.0002954515895339165,-0.008754589422308704,0.0004898208554340401,-0.0066402808709146565,0.0006097924317009829,0.0029132823668236497,0.0016760382013005163,0.0001431497624767539,0.026308069834220387,RELATIVE_IRIS_TO_FACE,0.5903059930110065,0.6678752443921743,68.20416447295585,149.41988269175633,164.25014275510458
0.4222533106803894,0.5113382935523987,0.5408445596694946,0.5175811052322388,0.4783264100551605,0.5870296955108643,0.2689237296581268,0.4424901008605957,-0.0259171439992295,0.0488412059023523,0.042648664844266,0.425,0.5458333333333333,0.481548935174942,0.5144596993923187,-0.05607309937477112,-0.07569140195846558,0.0625181496143341,-0.06944859027862549,0.003222525119781494,-0.07256999611854553,-0.20850929503678203,-0.17105783858367804,0.23247538389065694,-0.15694947429120043,0.011983044426937452,-0.16400365643743922,0.11859124898910522,0.006242811679840088,-0.00031056628796210254,-0.008010136352799615,0.000511060845578405,-0.006994536976634494,0.0006716983530767977,0.0023854633939959734,0.0018189086129985306,0.00014359335373795672,0.0268971993248496,RELATIVE_IRIS_TO_FACE,0.5913245754803511,0.6430684135391883,106.44772830742471,46.672838498810414,116.23025731429551
0.4198138117790222,0.5099359750747681,0.5395996570587158,0.5157111287117004,0.4780416667461395,0.5871622025966644,0.2685634195804596,0.4416103661060333,-0.0263251050630567,0.0478877863623158,0.0417128567751532,0.425,0.5458333333333333,0.479706734418869,0.5128235518932343,-0.0582278549671173,-0.07722622752189634,0.061557990312576305,-0.07145107388496397,0.0016650676727295033,-0.07433865070343015,-0.21681230038683533,-0.17487412366269642,0.22921210981234508,-0.161796637377488,0.006199904712754874,-0.1683353805200922,0.1197858452796936,0.005775153636932373,-0.00016321314294421243,-0.008061208739565312,0.0002586157373027414,-0.00702174961782552,0.0006930111565809736,0.0022932400826827988,0.001739962420344444,3.84388184472401e-05,0.028336800334844234,RELATIVE_IRIS_TO_FACE,0.48675182717725446,0.5104974486544754,39.52116939344286,16.961224645851765,43.007045605484855
0.4184066355228424,0.5112312436103821,0.5385266542434692,0.5168805718421936,0.4772658348083496,0.5885952711105347,0.2691988945007324,0.4425441026687622,-0.027578000038969,0.0493397810377259,0.0408053102029607,0.425,0.5458333333333333,0.4784666448831558,0.5140559077262878,-0.0588591992855072,-0.07736402750015259,0.06126081943511963,-0.07171469926834106,0.0012008100748062134,-0.07453936338424683,-0.21864576081641174,-0.17481653305386627,0.22756712011416433,-0.16205096218739773,0.004460679648876306,-0.168433747620632,0.12012001872062683,0.0056493282318115234,-0.000123016623530539,-0.00831048422696557,0.0001820194167884315,-0.006872991320307083,0.0007605460861493742,0.002434413992850736,0.0016650733407598487,1.9897662929899248e-05,0.02836992733753076,RELATIVE_IRIS_TO_FACE,0.45585385467953826,0.5014133055989118,19.746466994904495,21.32161331252229,29.06086979134624
0.4174025654792785,0.5114735960960388,0.5374716520309448,0.516655683517456,0.4763261198997497,0.588383823633194,0.2676223814487457,0.4436750710010528,-0.0280752594929329,0.0499636770085035,0.0380760862244358,0.425,0.5458333333333333,0.4774371087551117,0.5140646398067474,-0.0589235544204712,-0.07691022753715515,0.06114553213119511,-0.07172814011573792,0.0011109888553619829,-0.07431918382644653,-0.22017423169075923,-0.1733480892450046,0.22847689163896262,-0.16166817382193188,0.004151329974101798,-0.16750813153346825,0.12006908655166632,0.005182087421417236,-0.0001165496662636984,-0.008369322180236128,0.0001580663980399849,-0.00637805405956247,0.000788220195595519,0.0024963690202100615,0.0014497883421706697,1.7233540553876033e-05,0.0280589741298337,RELATIVE_IRIS_TO_FACE,0.45833613670827666,0.5244626364710643,21.335127493297072,10.25793449388912,23.67304131784002
0.4172878861427307,0.5111712217330933,0.5370492935180664,0.5163406133651733,0.4761376678943634,0.5877908587455749,0.2667734622955322,0.4439548254013061,-0.0285788910645805,0.0486973851574165,0.0381840389136868,0.425,0.5458333333333333,0.47716858983039856,0.5137559175491333,-0.05884978175163269,-0.07661963701248165,0.060911625623703,-0.07145024538040157,0.0010309219360351562,-0.0740349411964416,-0.22059832728210238,-0.17258430566078306,0.22832714624722872,-0.1609403472671161,0.003864409482563164,-0.1667623264639496,0.1197614073753357,0.005169391632080078,-0.00011044053763110456,-0.008120889241561784,0.00014755876206061215,-0.006367659163036394,0.0008167530144811591,0.0023714353211697686,0.0014580208277619482,1.49336606489241e-05,0.0278096735276689,RELATIVE_IRIS_TO_FACE,0.454960916921745,0.542820639364491,19.17498682991681,1.4460931050443016,19.229438504437404
0.4199497699737549,0.5085198283195496,0.5389997363090515,0.5128437876701355,0.4756030559539795,0.5857651591300964,0.2659119963645935,0.4468444585800171,-0.0334191236876194,0.0460260009396001,0.0327134546725582,0.9390625,0.4020833333333333,0.4794747531414032,0.5106818079948425,-0.05565328598022462,-0.07724533081054685,0.06339668035507201,-0.07292137145996092,0.003871697187423695,-0.07508335113525388,-0.2092921141135616,-0.17286849506276125,0.23841225231533342,-0.1631918409814729,0.01456006910088591,-0.16803016802211707,0.11904996633529663,0.0043239593505859375,-0.0004865847501827916,-0.007733756671267122,0.0004763101605611464,-0.005496847285213865,0.0011168378280484042,0.002118392762492069,0.00107017011661352,0.0002119956122225726,0.028234137365540892,RELATIVE_IRIS_TO_FACE,0.6626644645118865,0.43157773491689966,176.89474271239263,14.157312760111855,177.46036037344004
0.4245150685310364,0.507658064365387,0.544899046421051,0.5120182633399963,0.4761431932449341,0.5855920076370239,0.2675704956054687,0.4488235712051391,-0.0364931585212853,0.0368594464017976,0.0335468198237559,0.9390625,0.4020833333333333,0.4847070574760437,0.5098381638526917,-0.051628124713897716,-0.07793394327163694,0.06875585317611693,-0.07357374429702757,0.008563864231109608,-0.07575384378433225,-0.19295147870304927,-0.17364048266442686,0.2569634983517095,-0.16392575474638438,0.03200600982433012,-0.16878311870540563,0.12038397789001465,0.004360198974609375,-0.0011680003901530936,-0.006221252317450141,0.0010736998448541638,-0.005662136872501848,0.0013317506188596578,0.0013586187890469899,0.001125389120287542,0.0010243846648751163,0.028487741159923047,RELATIVE_IRIS_TO_FACE,0.9706996254952082,0.40987688456906407,20.24776031693321,3.7409045931507734,20.59043867981039
0.4250008165836334,0.5067721009254456,0.5455877780914307,0.511043906211853,0.4766104876995086,0.5850207269191742,0.2683889865875244,0.4485625922679901,-0.0369200856352241,0.0341466028465518,0.0321244123106696,0.9390625,0.4020833333333333,0.48529429733753204,0.5089080035686493,-0.051609671115875166,-0.07824862599372862,0.06897729039192207,-0.07397682070732114,0.008683809638023454,-0.07611272335052488,-0.1922942884100121,-0.1744430445117215,0.2570049117845555,-0.1649197243222793,0.0323553116872717,-0.1696813844170004,0.12058696150779724,0.004271805286407471,-0.0011945608782484385,-0.005794042844140396,0.0010393953730821431,-0.005450914754456949,0.001363092723312281,0.0011659904859601395,0.0010319778663059004,0.0010468661943805009,0.028791772217669865,RELATIVE_IRIS_TO_FACE,0.9788912276868025,0.3822137471369488,25.490385719553572,9.537401374264567,27.216204531591917
0.4257749915122986,0.5053237676620483,0.5466128587722778,0.5098926424980164,0.4772588133811951,0.5838225722312927,0.268771767616272,0.4489625692367553,-0.0386852158300663,0.0337062496631193,0.0343632116821077,0.9390625,0.4020833333333333,0.4861939251422882,0.5076082050800323,-0.051483821868896495,-0.07849880456924441,0.06935404539108275,-0.07392992973327639,0.008935111761093129,-0.0762143671512604,-0.19155218723299303,-0.17484487171000715,0.25804065443991736,-0.16466835578804503,0.03324423360346217,-0.1697566137490261,0.12083786725997925,0.004568874835968018,-0.0012860603520550768,-0.005721858804990384,0.0011423786365252085,-0.005833382452695578,0.0014965459238188124,0.00113611126635253,0.0011808303171093432,0.0011051790678815632,0.028817307911536034,RELATIVE_IRIS_TO_FACE,0.989403066251715,0.37764869576107596,32.21796240109761,11.72862603468352,34.28640794746506
0.4257680475711822,0.505222499370575,0.5462995767593384,0.5099968314170837,0.4768411695957184,0.5837610423564911,0.2694485485553741,0.4498368203639984,-0.0387932765067618,0.0331866218003303,0.0352319662925763,0.9390625,0.4020833333333333,0.4860338121652603,0.5076096653938293,-0.05107312202453618,-0.07853854298591612,0.06945840716362,-0.07376421093940733,0.009192642569541942,-0.07615137696266172,-0.1895468370599585,-0.174593402950942,0.25777984315824676,-0.16397992774339729,0.03411650304914425,-0.16928666534716966,0.12053152918815618,0.004774332046508789,-0.001323490936229235,-0.005618052538715601,0.0012019914854480267,-0.005964302087294125,0.001504918302130077,0.0011013518665181584,0.0012412914488412327,0.001163935780302269,0.028657975064364613,RELATIVE_IRIS_TO_FACE,1.0047230896329133,0.3735779281387217,42.02277736506453,13.682594493413562,44.19419882229987
0.4215199053287506,0.5042470693588257,0.5413275361061096,0.5087894797325134,0.4758859157562256,0.582341879606247,0.2700628042221069,0.4493224322795868,-0.0369970482698588,0.0337426299644373,0.0341198119192591,0.3921875,0.83125,0.4814237207174301,0.5065182745456696,-0.054366010427474964,-0.07809481024742126,0.06544162034988404,-0.07355239987373352,0.00553780496120454,-0.07582360506057739,-0.20130876064545083,-0.17380571923186397,0.24231999706580523,-0.16369625229617668,0.020505618210177212,-0.1687509857640203,0.11980763077735901,0.004542410373687744,-0.0007586473467252219,-0.005694102068769364,0.0006996478366193808,-0.005757751895457943,0.001368781580682262,0.0011385650769169418,0.0011641615654056153,0.0004204803781815513,0.028476895196328587,RELATIVE_IRIS_TO_FACE,0.7665625574552848,0.3824841977747789,239.60003677138224,215.40758506810616,322.19342843348176
0.4152396619319916,0.5079811215400696,0.5360509157180786,0.5117601156234741,0.4748150587081909,0.5840856432914734,0.2708035409450531,0.4466015100479126,-0.0322812267963395,0.0320157005524021,0.0276622229722438,0.3921875,0.83125,0.4756452888250351,0.5098706185817719,-0.05957539677619933,-0.07610452175140381,0.061235857009887706,-0.07232552766799927,0.0008302301168441883,-0.07421502470970154,-0.21999488768996003,-0.17040811178439141,0.22612649204999774,-0.16194644312952627,0.0030658021800188456,-0.16617727745695884,0.12081125378608704,0.003778994083404541,-9.896785548590041e-05,-0.005320281953675434,8.480690349247243e-05,-0.004596832901934819,0.0010420776034767072,0.00102500508186108,0.0007651985797661326,9.399143007008305e-06,0.02761488754300708,RELATIVE_IRIS_TO_FACE,0.4601602247851757,0.5660837171322923,43.50254386251244,127.2798157764997,134.50882062753178
0.4148370623588562,0.5066811442375183,0.5350638628005981,0.5101324915885925,0.4745770454406738,0.5831212520599365,0.2706804871559143,0.447028636932373,-0.0321748455551481,0.0280825227443153,0.0249285299072755,0.3921875,0.83125,0.4749504625797272,0.5084068179130554,-0.059739983081817605,-0.07644010782241817,0.06048681735992434,-0.07298876047134395,0.00037341713905336693,-0.07471443414688106,-0.2207029457589878,-0.1709959939860009,0.2234620447186611,-0.16327535376583097,0.0013795494798366484,-0.16713567387591594,0.12022680044174194,0.0034513473510742188,-4.4386791449429063e-05,-0.004693591363006873,3.439014046667425e-05,-0.004166446644788414,0.0010352206864976336,0.0007886280836849861,0.000621431603337929,1.903156767317567e-06,0.02793433348195653,RELATIVE_IRIS_TO_FACE,0.437164810726898,0.5037853400682415,28.785478865214706,157.18303676724412,159.79709271720978
0.4162686765193939,0.5062481164932251,0.535312294960022,0.5101184844970703,0.4746450901031494,0.5834839284420014,0.2708060145378113,0.4476455748081207,-0.0336291049091082,0.0287757865204557,0.0288258840985419,0.3921875,0.83125,0.47579048573970795,0.5081833004951477,-0.058376413583755504,-0.07723581194877627,0.06066720485687255,-0.07336544394493105,0.0011453956365585216,-0.07530062794685366,-0.21556541691931488,-0.17253786158056872,0.22402457611648108,-0.16389180734660544,0.004229579598583102,-0.1682148344635871,0.11904361844062805,0.003870368003845215,-0.00014223697604217488,-0.004840514166097976,0.00012192137129431387,-0.004848941321902773,0.0011309166969878052,0.00082804588987084,0.0008309315940625708,1.7889343580750396e-05,0.028296230533612007,RELATIVE_IRIS_TO_FACE,0.48674924626882765,0.411543911258129,60.51951761204968,201.4589225960981,210.35282148232724
0.4162229597568512,0.5052908062934875,0.5353845357894897,0.5089558959007263,0.4744357347488403,0.5828275442123413,0.270570307970047,0.4485827088356018,-0.0350572039379951,0.0289851712118399,0.0270501446451067,0.3921875,0.83125,0.47580374777317047,0.5071233510971069,-0.058212774991989125,-0.07753673791885374,0.060948801040649425,-0.07387164831161497,0.0013680130243301503,-0.07570419311523435,-0.2151484147586117,-0.17284824997297696,0.22526048495606474,-0.1646778736893066,0.005056035098726512,-0.1687630618311418,0.11916157603263855,0.0036650896072387695,-0.0001772504535737165,-0.004891626241409968,0.00013676648075128847,-0.004565065233283471,0.0012290075479501792,0.0008401401501796725,0.0007317103253211946,2.5563490919554407e-05,0.028480971038621787,RELATIVE_IRIS_TO_FACE,0.5041984524331483,0.3781769554080067,71.6870095572149,217.4750614041568,228.98565385630167
0.4155659079551697,0.5067805647850037,0.5349582433700562,0.5101783871650696,0.4735814034938812,0.5838847219944,0.2698937356472015,0.4474904239177704,-0.0376003284404786,0.0313977015557544,0.0243844861433669,0.6375,0.11875,0.4752620756626129,0.5084794759750366,-0.05801549553871155,-0.07710415720939634,0.06137683987617493,-0.07370633482933042,0.0016806721687316895,-0.07540524601936338,-0.2149567986453009,-0.1723034759298671,0.22741112332556693,-0.16471041444178558,0.006227162340133006,-0.16850694518582635,0.11939233541488647,0.003397822380065918,-0.00023414334924118033,-0.005290730775016441,0.00015184615379546947,-0.004108955269944868,0.0014137846988318639,0.0009858156629842223,0.0005946031644760523,3.877755081037077e-05,0.028394590575859083,RELATIVE_IRIS_TO_FACE,0.5291099904816995,0.41564712345189686,69.3696060917123,142.5106192569105,158.4973780549932
0.4181014597415924,0.5041508674621582,0.5368789434432983,0.5077537894248962,0.4731111764907837,0.5824095666408539,0.2693683803081512,0.4488401114940643,-0.0381178719529107,0.0313460475446654,0.0249149936561381,0.6375,0.11875,0.4774902015924454,0.5059523284435272,-0.055009716749191306,-0.07825869917869566,0.06376776695251463,-0.07465577721595762,0.00437902510166166,-0.07645723819732664,-0.20421741647660094,-0.174357628543086,0.23673069761290766,-0.16633044516486015,0.016256640568153364,-0.1703440368539731,0.11877748370170593,0.003602921962738037,-0.0006196685435613633,-0.005339612278174875,0.0004050340966256583,-0.0042441205975776945,0.001452972162218496,0.0009825746966724237,0.0006207569088854017,0.00026427836256212974,0.02901709089170774,RELATIVE_IRIS_TO_FACE,0.7087509732655627,0.29865142249910476,45.60062288996015,86.35268279957029,97.65348245011829
0.4191725254058838,0.5018007755279541,0.5377551317214966,0.5055235624313354,0.4735129177570343,0.5813342809677124,0.2698090672492981,0.4488059282302856,-0.0392503719642251,0.030128368753448,0.0282026561733345,0.6375,0.11875,0.4784638285636902,0.5036621689796448,-0.05434039235115051,-0.07953350543975835,0.06424221396446228,-0.075810718536377,0.004950910806655884,-0.07767211198806767,-0.20140312885374534,-0.1772113483020564,0.23810249313852322,-0.16891647832314993,0.018349682142388943,-0.17306391331260315,0.11858260631561279,0.0037227869033813477,-0.000720231849514065,-0.005214133398196866,0.0005175097763517714,-0.004880862043167114,0.001540591699330028,0.0009077186037437418,0.0007953898152313225,0.00033671083472670767,0.029951118091072218,RELATIVE_IRIS_TO_FACE,0.7445891941201814,0.1767490046655194,68.53708423691614,27.839522239449316,73.97547508613198
0.419628232717514,0.5034753084182739,0.5385928153991699,0.5071566700935364,0.4740252196788788,0.5827565312385559,0.2702421247959137,0.4476549029350281,-0.0389100645017143,0.0329913721008047,0.0297539768032469,0.6375,0.11875,0.479110524058342,0.5053159892559052,-0.0543969869613648,-0.07928122282028194,0.06456759572029114,-0.07559986114501949,0.005085304379463196,-0.07744054198265071,-0.20128980627852608,-0.17710343510021678,0.23892497655501593,-0.16887977538178373,0.01881758513824503,-0.17299160524100024,0.11896458268165594,0.003681361675262451,-0.0007321934514956147,-0.005707230418821356,0.0005598979916964663,-0.005147188209497167,0.0015139931195275675,0.001088430633093755,0.0008852991356081547,0.0003541015104351003,0.02992609548385806,RELATIVE_IRIS_TO_FACE,0.7528381146491648,0.21021343224644523,73.81639337546552,43.902447478293716,85.88530040435214
0.419547975063324,0.5019229054450989,0.5386120080947876,0.5062552094459534,0.4738774597644806,0.5813516855239869,0.2705562114715576,0.4496585726737976,-0.0377524134315008,0.0330886626876204,0.0333038677149581,0.6375,0.11875,0.4790799915790558,0.5040890574455261,-0.054329484701156616,-0.07942878007888798,0.064734548330307,-0.07509647607803349,0.005202531814575195,-0.07726262807846074,-0.20080663606868132,-0.17664241969225164,0.23926468213599097,-0.16700776760778926,0.019229023033654816,-0.17182509365002047,0.11906403303146362,0.004332304000854492,-0.0007259420274503884,-0.005685462565054314,0.0006404008394007223,-0.005722440189030569,0.0014252447199029619,0.0010948595984551226,0.0011091476047754285,0.0003697553268288275,0.029523862807838305,RELATIVE_IRIS_TO_FACE,0.7493136139585793,0.22516880842821396,71.56071293349079,51.0810280455427,87.92159610550183
0.4190497994422912,0.4999140799045563,0.5380904674530029,0.503591775894165,0.473514574766159,0.5791374623775483,0.2704679071903229,0.4528716504573822,-0.0364320701342321,0.0323341877990248,0.0284718798488282,0.7109375,0.5791666666666667,0.4785701334476471,0.5017529278993607,-0.05446477532386779,-0.07922338247299199,0.06457589268684394,-0.07554568648338322,0.005055558681488104,-0.0773845344781876,-0.20137240634548909,-0.17493561507686206,0.2387562020577959,-0.16681478016770826,0.01869189785615352,-0.17087519762228515,0.11904066801071173,0.0036776959896087646,-0.0006809845336372876,-0.0055251107301144435,0.0005321934699069724,-0.004865138095846477,0.0013272957342656067,0.001045499700622604,0.0008106479421261094,0.0003493870454648765,0.029198333162455004,RELATIVE_IRIS_TO_FACE,0.7506117515073686,0.21773368873331156,25.391520964715895,173.48782940801047,175.33612374409486
0.4187869131565094,0.5041928887367249,0.538025438785553,0.5080356597900391,0.4733175873756409,0.5824522972106934,0.2703274488449096,0.4521293640136719,-0.0379875431665351,0.0332755825873459,0.0296834817223781,0.7109375,0.5791666666666667,0.4784061759710312,0.506114274263382,-0.05453067421913149,-0.0782594084739685,0.06470785140991209,-0.0744166374206543,0.005088588595390298,-0.0763380229473114,-0.2017208109458701,-0.17309074121691997,0.23936840040743262,-0.16459146805711417,0.01882379473078126,-0.16884110463701707,0.11923852562904358,0.003842771053314209,-0.000715069714893549,-0.005618286121487772,0.0005587557668369427,-0.005011791843479024,0.0014430534358293673,0.0011072643965272775,0.0008811090871627547,0.0003543352480665883,0.028507318615048148,RELATIVE_IRIS_TO_FACE,0.7503690796548106,0.3220448752250785,25.236210979078777,123.41845989196233,125.97215004390648
0.4188498854637146,0.503558337688446,0.5384353399276733,0.5074635744094849,0.4733863651752472,0.5816806018352508,0.2697153091430664,0.4523756802082062,-0.0392984907201476,0.0318030076534291,0.0292423318758091,0.7109375,0.5791666666666667,0.47864261269569397,0.5055109560489655,-0.05453647971153258,-0.07812226414680479,0.06504897475242616,-0.07421702742576597,0.0052562475204467884,-0.07616964578628538,-0.20220015639009564,-0.17269332954396593,0.24117641874810203,-0.1640606005853399,0.01948813117900319,-0.1683769650646529,0.11958545446395874,0.0039052367210388184,-0.0007658541422910759,-0.00535489390861232,0.0005698783995757141,-0.004923735092662095,0.001544371372881527,0.0010114312958040697,0.0008551139735349609,0.0003797872568500362,0.028350802364383348,RELATIVE_IRIS_TO_FACE,0.7591605216398328,0.34771272982514134,30.86273384949301,111.09788968393218,115.30502778668328
0.4166365563869476,0.5022404789924622,0.5361830592155457,0.5058850646018982,0.4739116072654724,0.5800404727458954,0.2697887718677521,0.4507713615894317,-0.0376337363074004,0.0285222973285227,0.0271848903823583,0.7109375,0.5791666666666667,0.47640980780124664,0.5040627717971802,-0.0572750508785248,-0.07779999375343327,0.062271451950073275,-0.07415540814399724,0.0024982005357742643,-0.07597770094871525,-0.21229589489232542,-0.17259302310860702,0.23081557179274473,-0.16450780332948678,0.00925983845020976,-0.1685504132190469,0.11954650282859808,0.003644585609436035,-0.0003484823184843213,-0.004807445000679019,0.0002517276932272989,-0.0045820245072609855,0.001416298108454947,0.0008135214448966531,0.0007390182651008368,8.574460812398308e-05,0.02840924179631146,RELATIVE_IRIS_TO_FACE,0.5784584692929613,0.36430051686122855,84.78657965250477,103.13575190661032,133.51309827321217
0.4160049855709076,0.5044868588447571,0.5355023145675659,0.5072163343429565,0.4737824082374572,0.5829046845436097,0.2710510790348053,0.4551604390144348,-0.035605139766893,0.0208552543271796,0.0202424173552922,0.7109375,0.5791666666666667,0.47575365006923676,0.5058515965938568,-0.057777422666549616,-0.07841782569885258,0.06171990633010871,-0.07568835020065312,0.0019712418317795466,-0.07705308794975285,-0.2131606365142864,-0.17228611551959705,0.22770580465066254,-0.16628938292978257,0.007272584068188054,-0.1692877492246898,0.11949732899665833,0.002729475498199463,-0.0002589413722143149,-0.003530539064556707,0.00014721468195971142,-0.0034267932729442146,0.0012677259778199855,0.00043494163305134344,0.0004097554603858349,5.28904790288627e-05,0.028658342037561464,RELATIVE_IRIS_TO_FACE,0.5575971130711606,0.2667523643145623,98.13784763445724,149.95886512901012,179.2169031344549
0.4152137339115143,0.5050144791603088,0.5344981551170349,0.5078760385513306,0.4732255458831787,0.582468968629837,0.2703452706336975,0.4520930349826813,-0.040584120304054,0.0217705001244254,0.0212144112978697,0.0546875,0.06875,0.4748559445142746,0.5064452588558197,-0.05801181197166444,-0.07745448946952815,0.06127260923385619,-0.07459293007850643,0.0016303986310958751,-0.07602370977401729,-0.21458414896565978,-0.17132422258894797,0.2266457512786291,-0.16499464193563057,0.006030801156484669,-0.16815943226228927,0.11928442120552063,0.0028615593910217285,-0.00024475475966460175,-0.003660914940989473,0.00012793989618933402,-0.003567403359628464,0.001647070820853928,0.0004739546756676063,0.0004500512467151816,3.6370562589056815e-05,0.028277594658775454,RELATIVE_IRIS_TO_FACE,0.5346674151633576,0.3575862600698072,307.18714570454887,138.64140483350747,337.0243041982525
0.4083704352378845,0.5038312077522278,0.5277472734451294,0.5064560174942017,0.4720544934272766,0.5818424701690674,0.2705258429050445,0.4497755169868469,-0.0417976475710232,0.0237467467781856,0.0194846518843951,0.0546875,0.06875,0.46805885434150696,0.5051436126232147,-0.0636840581893921,-0.07801126241683964,0.05569278001785277,-0.07538645267486577,-0.003995639085769664,-0.0766988575458527,-0.2354083999940125,-0.17344488024827767,0.20586860523604422,-0.16760905863397574,-0.014769897378984135,-0.17052696944112672,0.11937683820724487,0.002624809741973877,0.0006173469653069581,-0.00404946076216983,-0.00028778630879774546,-0.0033226586364612353,0.0017470433424714618,0.0005639079825472681,0.00037965165905606157,0.00021814986858572242,0.029079447306774964,RELATIVE_IRIS_TO_FACE,0.1588747447879783,0.2922653808253379,66.67983666430612,107.28738279616218,126.32016119697116
0.4060031473636627,0.5003533959388733,0.5246610641479492,0.502561092376709,0.4701898753643035,0.5790895581245422,0.2706879377365112,0.4499956965446472,-0.0435265414333497,0.0220922754953027,0.0155446483885606,0.0546875,0.06875,0.46533210575580597,0.5014572441577911,-0.06418672800064079,-0.07873616218566892,0.05447118878364571,-0.07652846574783323,-0.004857769608497542,-0.07763231396675108,-0.23712443992194449,-0.17497091870110312,0.20123241259588034,-0.17006487980844837,-0.017946013663032077,-0.17251789925477573,0.1186579167842865,0.0022076964378356934,0.0007811279072674255,-0.003811312958207382,-0.0002789644723681381,-0.0026817300846486095,0.001894559809149108,0.00048806863656035215,0.00024163609352397965,0.000322059406393734,0.029762425563280948,RELATIVE_IRIS_TO_FACE,0.11023341974444217,0.18499504703495895,35.54938863644299,55.79762257678029,66.15991019980063
0.4029578268527984,0.5028402805328369,0.522396445274353,0.504699170589447,0.4681355178356171,0.5808221817016601,0.2704754173755646,0.4504464864730835,-0.0440570696376644,0.0233673995711131,0.0135375922391632,0.0546875,0.06875,0.46267713606357574,0.503769725561142,-0.06517769098281867,-0.0779819011688232,0.05426092743873595,-0.07612301111221309,-0.005458381772041332,-0.07705245614051814,-0.24097453737384125,-0.1731213402244389,0.20061314983483788,-0.16899456807466107,-0.020180693769501577,-0.17105795414955,0.11943861842155462,0.0018588900566101074,0.000889102230739311,-0.003997179564429678,-0.0002731980033549337,-0.0023157128325420827,0.00194102538505801,0.0005460353627160566,0.00018326640363385173,0.00040726040101839975,0.029260823677829548,RELATIVE_IRIS_TO_FACE,0.07285608302858365,0.26475376228961733,11.627893138293537,94.08180589901632,94.79764817787282
0.4033357203006744,0.502301037311554,0.5223503708839417,0.5041661262512207,0.4674893379211425,0.5808150589466095,0.2705130279064178,0.4510107338428497,-0.044692131497158,0.0249310978114712,0.013841766554484,0.0546875,0.06875,0.46284304559230804,0.5032335817813873,-0.06415361762046812,-0.0785140216350555,0.05486103296279915,-0.07664893269538875,-0.004646292328834456,-0.07758147716522212,-0.2371553627025609,-0.17408459267749274,0.20280365555533025,-0.16994923899661318,-0.017175853573615223,-0.17201691583705295,0.11901465058326727,0.001865088939666748,0.0007676255064879427,-0.004288570553961176,-0.00023774415553998168,-0.0023810179924388087,0.001997386617759262,0.000621559638085144,0.00019159450134883187,0.0002950099459822708,0.029589819334091758,RELATIVE_IRIS_TO_FACE,0.12873086501713787,0.20286441842577452,47.38775361096824,64.37492084437177,79.93578438980232
0.4089284837245941,0.5038651823997498,0.5302116870880127,0.5066746473312378,0.4682981908321381,0.5826257765293121,0.2701297104358673,0.4532753527164459,-0.0454699108533062,0.0309878491566759,0.0185177520468615,0.7703125,0.3854166666666667,0.4695700854063034,0.5052699148654938,-0.05936970710754397,-0.07876059412956238,0.06191349625587461,-0.07595112919807434,0.001271894574165322,-0.07735586166381836,-0.2197822106051422,-0.17375882434367473,0.22919912757461194,-0.16756068263429277,0.0047084584847348855,-0.17065975348898377,0.12128320336341858,0.002809464931488037,-0.00021409318755738843,-0.005288378698232122,8.719006674326182e-05,-0.003160234999487508,0.002067512793007613,0.0009602467953568993,0.00034290714086904325,2.2169581302471935e-05,0.02912475146092071,RELATIVE_IRIS_TO_FACE,0.500413261475349,0.2876202114469956,172.73551265577657,46.94229850544211,179.0003819030227
0.4144825935363769,0.5017240047454834,0.5340601205825806,0.5040602087974548,0.4703109681606293,0.5804202616214752,0.2694657146930694,0.4511793553829193,-0.0461242152945955,0.0286523271216119,0.0177767999817849,0.7703125,0.3854166666666667,0.47427135705947876,0.5028921067714691,-0.055828374624252386,-0.0786962568759918,0.06374915242195128,-0.07636005282402036,0.003960388898849476,-0.07752815485000608,-0.20718172854021713,-0.17442343979805391,0.23657610812864505,-0.16924544578676157,0.014697189794214064,-0.17183444279240775,0.11957752704620367,0.0023362040519714355,-0.0006778963462938612,-0.004923456665647973,0.0002612690032660738,-0.0030546665195020925,0.002127443236542197,0.0008209558494838568,0.0003160146175923876,0.00021600738784715003,0.029527075729777252,RELATIVE_IRIS_TO_FACE,0.6972325763388955,0.22859371548439034,46.77115114310688,75.27501656749264,88.62205537273236
0.413774311542511,0.5037596225738525,0.532994270324707,0.5078117847442627,0.4710762917995453,0.5837108790874481,0.2700790166854858,0.4508813917636871,-0.044657080041508,0.0295722426806302,0.0305048935463066,0.7703125,0.3854166666666667,0.473384290933609,0.5057857036590576,-0.05730198025703431,-0.07995125651359558,0.06191797852516173,-0.07589909434318542,0.0023079991340637096,-0.0779251754283905,-0.21216745691165423,-0.17732214325287052,0.22925874432029433,-0.1683349413976608,0.008545643704320054,-0.17282854232526565,0.11921995878219604,0.004052162170410156,-0.00038162349491002956,-0.005110927595782324,0.00026068395148494845,-0.005272116285395573,0.001994254797833652,0.0008745175371620864,0.0009305485302714979,7.302802632118497e-05,0.02986970504227614,RELATIVE_IRIS_TO_FACE,0.5577904558864095,0.16578626717390865,136.01410823269788,105.42259175652386,172.08649130887278
0.415595144033432,0.5015478730201721,0.5344473123550415,0.5057191252708435,0.4723248064517975,0.5812120914459229,0.2699254751205444,0.4508407711982727,-0.0390686035722314,0.0276863524449774,0.0313978121967943,0.7703125,0.3854166666666667,0.47502122819423676,0.5036334991455078,-0.05672966241836547,-0.07966421842575078,0.06212250590324403,-0.07549296617507939,0.002696421742439281,-0.07757859230041508,-0.21016786315316213,-0.17670144704747928,0.23014687136896733,-0.16744928436693213,0.009989504107902603,-0.1720753657072057,0.1188521683216095,0.004171252250671387,-0.0003902759758748239,-0.004764139222068075,0.00031364857391903114,-0.0054027900161695425,0.0015263557850841722,0.000766534111707506,0.0009858226107451649,9.979019232180298e-05,0.02960993148326858,RELATIVE_IRIS_TO_FACE,0.5840390356695325,0.18781235547226433,119.21501717149916,94.85006937331313,152.34420231608144
0.420577198266983,0.5053185224533081,0.5407693982124329,0.5095753073692322,0.4737466692924499,0.5843142390251159,0.2694054543972015,0.4517593383789062,-0.0390847774832636,0.0327298270650026,0.0321565470778463,0.7703125,0.3854166666666667,0.48067329823970795,0.5074469149112701,-0.05316947102546693,-0.07899571657180782,0.06702272891998295,-0.07473893165588374,0.00692662894725804,-0.07686732411384578,-0.19735854706746342,-0.17486238382288302,0.24878013914805794,-0.16543970130131677,0.025710796040297364,-0.1701510425620999,0.12019219994544988,0.004256784915924072,-0.0010049007421525972,-0.005569014197987426,0.0008267704232787264,-0.005471470010492795,0.001527619830916229,0.0010712415797049764,0.0010340435199697453,0.0006610450330257706,0.02895137728496953,RELATIVE_IRIS_TO_FACE,0.8618235700054792,0.2973554381968962,58.56708480350669,42.26938966548984,72.22745132616936
0.4231270253658294,0.5016730427742004,0.5425650477409363,0.5062278509140015,0.4756382524967193,0.5807400703430176,0.2692289054393768,0.4512993097305298,-0.0376452472004377,0.027940660995786,0.0349530122300859,0.4984375,0.15,0.4828460365533829,0.503950446844101,-0.052511227130889904,-0.07906702756881712,0.06692679524421696,-0.07451221942901609,0.007207784056663558,-0.0767896234989166,-0.19504304374287776,-0.17519864115024134,0.2485869511266783,-0.16510598658448508,0.02677195369190038,-0.1701523138673632,0.11943802237510687,0.004554808139801025,-0.0010078368147702604,-0.004754168119416573,0.0009357604248162873,-0.005947335907583361,0.0014171646367820625,0.0007806805368814372,0.0012217130639565344,0.0007167375044812583,0.028951809914417682,RELATIVE_IRIS_TO_FACE,0.879264256402867,0.2812033987637058,243.72912409783487,62.977631406578794,251.73412162653017
0.4196856021881103,0.4974852502346039,0.5376039743423462,0.5018867254257202,0.4762369155883789,0.5766236305236816,0.2680226564407348,0.4484072923660278,-0.0398365547513562,0.0238248545199764,0.0357157628454791,0.4984375,0.15,0.47864478826522827,0.49968598783016205,-0.05655131340026859,-0.07913838028907771,0.06136705875396731,-0.07473690509796138,0.0024078726768493874,-0.07693764269351955,-0.21099451830419433,-0.17648771523457107,0.22896219774582682,-0.16667191792731964,0.00898383972081636,-0.17157981658094534,0.1179183721542359,0.004401475191116333,-0.00035788522291570955,-0.0040878641686052574,0.0003208646889104723,-0.006128104038075847,0.0015869510944578004,0.00056762369289804,0.0012756157156345053,8.070937612931777e-05,0.029439633457950847,RELATIVE_IRIS_TO_FACE,0.5658457345333201,0.22026661492854072,43.14127010132488,33.72797516569955,54.76080253916585
0.4189995229244232,0.4977394342422485,0.5373160243034363,0.5025020837783813,0.4761472940444946,0.5771883308887482,0.2682616710662842,0.4491760432720184,-0.039062506943389,0.0249030858659857,0.0370919673972063,0.4984375,0.15,0.47815777361392975,0.5001207590103149,-0.057147771120071356,-0.07944889664649973,0.061168730258941706,-0.07468624711036687,0.002010479569435175,-0.07706757187843327,-0.21302994483938556,-0.1768769640940452,0.22801888818339158,-0.16627388429618112,0.007494471672003018,-0.1715754241951131,0.11831650137901306,0.004762649536132868,-0.0002927528517246501,-0.004272757521223822,0.0002779846989172221,-0.006364070040406976,0.001525879448702314,0.0006201636856486568,0.001375814045395415,5.6167105642455713e-05,0.029438126187733,RELATIVE_IRIS_TO_FACE,0.5308805636738599,0.2161043908816066,20.763560751270376,31.730107623171172,37.91998397744547
0.4176607728004455,0.4962300956249237,0.5359066128730774,0.5004095435142517,0.4749586880207062,0.5755017638206482,0.2685936093330383,0.4480854272842407,-0.0377214728067864,0.023066191374777,0.0340657287874782,0.4984375,0.15,0.4767836928367615,0.4983198195695877,-0.057297915220260676,-0.07927166819572451,0.060947924852371216,-0.0750922203063965,0.0018250048160552979,-0.07718194425106051,-0.21332567528052504,-0.17691194937325966,0.22691501385518706,-0.16758460342187406,0.006794669287331107,-0.17224827639756687,0.11824584007263189,0.004179447889328003,-0.0002563049327531671,-0.003973111707361762,0.00023146536114282927,-0.005867763067870095,0.0014229095107131258,0.0005320491845378369,0.0011604738778220208,4.616753072420062e-05,0.029669468721932594,RELATIVE_IRIS_TO_FACE,0.5285941015826406,0.2074538731360278,19.300225012890024,27.577859105293353,33.66061494357459
0.4161208271980285,0.4996669590473175,0.5348076820373535,0.5038264393806458,0.4737075209617615,0.5789609551429749,0.2696448266506195,0.4491617679595947,-0.0367171324586951,0.0252258454574262,0.0322396032668285,0.4984375,0.15,0.47546425461769104,0.5017466992139816,-0.05758669376373299,-0.07929399609565735,0.06110016107559202,-0.0751345157623291,0.0017567336559295432,-0.07721425592899323,-0.21356497858087461,-0.17653771978520935,0.22659496037285476,-0.1672771804040013,0.006514990895990173,-0.1719074500946053,0.118686854839325,0.004159480333328247,-0.00023921178369526385,-0.004336510769066721,0.00021004072177372273,-0.005542227989662195,0.0013481478159893614,0.0006363432790419501,0.0010393920188024991,4.2445106374834835e-05,0.029552171398029216,RELATIVE_IRIS_TO_FACE,0.522233935520052,0.21706239390325505,15.22971873283332,32.189949073562424,35.610913412039245
0.4158552587032318,0.4967568516731262,0.5344823598861694,0.5001700520515442,0.4731845796108246,0.5759931147098541,0.269452154636383,0.4488851130008697,-0.037728365589338,0.0239830342213578,0.0278113253412531,0.909375,0.7291666666666666,0.4751688092947006,0.4984634518623352,-0.057329320907592796,-0.07923626303672793,0.061297780275344826,-0.07582306265830996,0.0019842296838760154,-0.07752966284751894,-0.21276251755096073,-0.17651790842837625,0.2274903983720606,-0.1689141804286596,0.007363940410549937,-0.17271604442851793,0.11862710118293762,0.0034132003784179688,-0.0002778294359873278,-0.004142254804106699,0.00020480094255140522,-0.004803462103255837,0.0014234295700427438,0.0005751859304628194,0.0007734698172370269,5.422761837013038e-05,0.02983083200303378,RELATIVE_IRIS_TO_FACE,0.5502346202222609,0.19117411675874812,229.84984305775305,258.2364239558009,345.71230960316393
0.4167579710483551,0.4986844360828399,0.5359265208244324,0.5028484463691711,0.4740739405155182,0.5780675828456878,0.2690699100494385,0.4494348466396332,-0.0385835369111638,0.0263824596096782,0.0326526165748566,0.909375,0.7291666666666666,0.47634224593639374,0.5007664412260056,-0.05731596946716311,-0.07938314676284791,0.06185258030891416,-0.07521913647651668,0.002268305420875527,-0.07730114161968227,-0.21301515032461438,-0.17662881636815073,0.22987549220496095,-0.16736382451267914,0.008430170940173292,-0.17199632044041488,0.11916854977607727,0.004164010286331232,-0.00032526581163759663,-0.004537685977032514,0.0002752671393699769,-0.005616129903627038,0.0014886893205751392,0.0006960341750563016,0.0010661933691846002,7.106778208054226e-05,0.02958273424504188,RELATIVE_IRIS_TO_FACE,0.5542137868344873,0.22298668543412242,227.30317642592814,242.96639099162124,332.7151952718871
0.4239788651466369,0.5051298141479492,0.5428906083106995,0.5098140239715576,0.4761455178260803,0.5827362596988678,0.268808364868164,0.4502687752246856,-0.0365222304215478,0.0273284670701875,0.0355199195558588,0.909375,0.7291666666666666,0.4834347367286682,0.5074719190597534,-0.05216665267944337,-0.07760644555091856,0.06674509048461919,-0.07292223572731016,0.007289218902587935,-0.07526434063911436,-0.194066322171057,-0.1723558196737815,0.24829989213451423,-0.16195267831173712,0.027116784981728724,-0.1671542489927593,0.11891174316406256,0.0046842098236083984,-0.0009903654693942633,-0.004568069389240544,0.0009631860211645243,-0.005937305477642802,0.0013338733149646316,0.0007468451124063225,0.0012616646852546805,0.0007353200277453085,0.027940542956333372,RELATIVE_IRIS_TO_FACE,0.8868797055572377,0.4108348503474448,14.396988443367889,152.79927183322647,153.47602662631942
0.4241479933261871,0.5038967132568359,0.543631911277771,0.5084888339042664,0.4766456365585327,0.5815385282039642,0.2675885558128357,0.4506508409976959,-0.0337906633661447,0.0280376405968971,0.0350646856271825,0.909375,0.7291666666666666,0.48388995230197906,0.5061927735805511,-0.052497643232345625,-0.0776418149471283,0.06698627471923829,-0.07304969429969788,0.007244315743446361,-0.07534575462341309,-0.19618791659829368,-0.17228818002947754,0.2503330981866083,-0.1620982056019048,0.027072590794157414,-0.16719319281569117,0.11948391795158392,0.00459212064743042,-0.0009148008019747612,-0.004687702650414067,0.0009492918853104846,-0.005862576745087118,0.0011418089307241137,0.0007861092902407724,0.0012295321781331389,0.0007329251723078967,0.027953563723904885,RELATIVE_IRIS_TO_FACE,0.8826532467533916,0.42007917112948956,17.101922077829386,148.36199785784498,149.34442790786454
0.4234499335289001,0.5057637691497803,0.5429753065109253,0.5092517733573914,0.4758292734622955,0.5831571161746979,0.2674765288829803,0.4502525627613067,-0.031872063169086,0.0283205836601862,0.024155434231902,0.909375,0.7291666666666666,0.4832126200199127,0.5075077712535858,-0.052379339933395386,-0.07739334702491762,0.06714603304862982,-0.07390534281730654,0.007383346557617243,-0.07564934492111208,-0.19582779167151965,-0.1718887391365253,0.251035224730517,-0.16414196672783063,0.027603716529498768,-0.16801535293217795,0.1195253729820252,0.003488004207611084,-0.0008797873969297282,-0.004758292858911457,0.0006667797591843736,-0.004058483807703028,0.0010158284106542084,0.0008020554588536056,0.000583485002931743,0.0007619651662409236,0.02822915882092432,RELATIVE_IRIS_TO_FACE,0.9103793109238297,0.40086499125479863,0.6427589912510001,157.58480419769663,157.5861150391976
0.4242227673530578,0.5062967538833618,0.544360339641571,0.5106658339500427,0.4778570353984833,0.5836203694343567,0.2685236036777496,0.4462061524391174,-0.0294424947312238,0.0284576195045295,0.031473786223075,0.090625,0.2270833333333333,0.48429155349731445,0.5084812939167023,-0.05363426804542548,-0.07732361555099487,0.06650330424308776,-0.07295453548431396,0.006434518098831166,-0.07513907551765442,-0.19973762199473086,-0.1732912318564074,0.24766277845082627,-0.1634996143610371,0.02396257822804782,-0.16839542310872224,0.12013757228851324,0.004369080066680908,-0.0007055180832258361,-0.004792132877132272,0.0007541930645032884,-0.005300041547868188,0.0008668604959981412,0.0008098361078645779,0.0009905992192158256,0.0005742051553353113,0.028357018523965584,RELATIVE_IRIS_TO_FACE,0.829176352980237,0.4594271480441568,472.6728659073517,111.52503106119528,485.6515939624515
0.4128965735435486,0.5116094350814819,0.5328859090805054,0.5147240161895752,0.475456166267395,0.5900602221488953,0.2731240391731262,0.44979327917099,-0.0296212939420081,0.0349686911920431,0.0208464174313928,0.090625,0.2270833333333333,0.472891241312027,0.5131667256355286,-0.06255959272384642,-0.07845078706741337,0.05742974281311036,-0.07533620595932011,-0.002564924955368031,-0.07689349651336674,-0.2290519378035126,-0.17441520128502877,0.21026981324777866,-0.1674907291261984,-0.009391062277866976,-0.1709529652056136,0.11998933553695679,0.0031145811080932617,0.00027817541616040185,-0.00597800144863919,-0.0001957700043686215,-0.00356375687381059,0.0008774210547988458,0.0012228093636844728,0.00043457311972387757,8.819205070677608e-05,0.029224916312591734,RELATIVE_IRIS_TO_FACE,0.24363433322994354,0.28880221786980764,97.92597326716387,29.625064577507683,102.30904501334568
0.4088456630706787,0.5112994313240051,0.5278139114379883,0.5145246982574463,0.4722806751728058,0.5895853400230407,0.2717236280441284,0.4490358233451843,-0.0357298444359723,0.0316884914206025,0.0220108000511953,0.090625,0.2270833333333333,0.4683297872543335,0.5129120647907257,-0.0634350121021271,-0.07828590869903562,0.05553323626518247,-0.07506064176559446,-0.003950887918472312,-0.07667327523231504,-0.23345415422350976,-0.17434223036462085,0.2043739612236598,-0.16715958102144066,-0.014540096499924975,-0.17075090569303075,0.11896824836730957,0.003225266933441162,0.0005195153860263447,-0.0054108386101137124,-0.0003200391567849332,-0.0037583640437698048,0.0012766217834187805,0.0010041604885135985,0.00048447531889369894,0.0002114144062271305,0.029155871794990282,RELATIVE_IRIS_TO_FACE,0.15353384718750285,0.27847828181660295,40.26166220000182,24.66957527196943,47.218528007620286
0.4076798856258392,0.5128909945487976,0.5275554060935974,0.5164220333099365,0.4705002307891845,0.589879721403122,0.2696632742881775,0.4456275403499603,-0.0402803899651628,0.0293825983785355,0.0232250941686329,0.090625,0.2270833333333333,0.4676176458597183,0.5146565139293671,-0.06282034516334534,-0.07698872685432434,0.0570551753044129,-0.07345768809318542,-0.002882584929466192,-0.07522320747375488,-0.23295846644147503,-0.17276473771395762,0.21157932365549809,-0.1648409934159089,-0.01068957139298837,-0.16880286556493326,0.11987552046775823,0.003531038761138916,0.00043058010427002,-0.0049598668040403545,-0.00024826630222447925,-0.003920462448680655,0.0016225098157455877,0.000863337087474317,0.000539404999141866,0.0001142669365657953,0.02849440742293293,RELATIVE_IRIS_TO_FACE,0.217714411183561,0.44148865642891594,81.33722315747903,102.91455508587967,131.17602494165655
0.4129362106323242,0.5120530724525452,0.5329224467277527,0.5163180828094482,0.4742495119571686,0.5903960943222046,0.2722480893135071,0.4459950923919678,-0.0318516539994504,0.0325788407063041,0.0314942488771871,0.090625,0.2270833333333333,0.47292932868003845,0.5141855776309967,-0.06131330132484436,-0.07834302186965947,0.058672934770584106,-0.07407801151275639,-0.001320183277130127,-0.07621051669120793,-0.22521112720143943,-0.1756589286507609,0.2155127434076935,-0.16609602014788966,-0.0048491918968729735,-0.17087747439932527,0.11998623609542847,0.004265010356903076,0.0001544547824761365,-0.005566990018751175,-0.00015272165645335644,-0.005381657706237518,0.0010145278625007046,0.0010613808617667372,0.0009918877123382011,2.3514662052698507e-05,0.029199111257092063,RELATIVE_IRIS_TO_FACE,0.3085195153328081,0.3462817955530635,139.45248981299716,57.21526186547049,150.73348369018225
0.4135123193264007,0.5092096924781799,0.5329050421714783,0.5144678354263306,0.47557572722435,0.5888997554779053,0.2717016339302063,0.448103129863739,-0.0335471000002851,0.0284224113495176,0.04157395329157,0.0484375,0.08125,0.4732086807489395,0.5118387639522552,-0.062063407897949285,-0.07969006299972536,0.057329314947128285,-0.07443192005157473,-0.0023670464754104725,-0.07706099152565005,-0.22842485234977783,-0.1778386623757152,0.21100098666261594,-0.16610443763953156,-0.008711932843580846,-0.17197155000762337,0.11939272284507757,0.005258142948150635,0.0002922600822993748,-0.0048878461347308085,-0.00036218948911832474,-0.007149537187495829,0.0011254079184291287,0.0008078334669211869,0.0017283935922896441,7.589777387106264e-05,0.029574214012024508,RELATIVE_IRIS_TO_FACE,0.2227697170909072,0.23955281450448085,111.57261893818061,75.98535096215082,134.98971389541387
0.4136408865451813,0.5053204298019409,0.5328158140182495,0.5107279419898987,0.4761914193630218,0.5854195892810822,0.2713851630687713,0.4480687081813812,-0.0374867054498733,0.0232174708479209,0.0435205735417075,0.0484375,0.08125,0.4732283502817154,0.5080241858959198,-0.06255053281784051,-0.08009915947914126,0.05662439465522773,-0.0746916472911835,-0.002963069081306391,-0.07739540338516238,-0.23048618356902525,-0.17876534609299946,0.20864955153934894,-0.16669685755868324,-0.010918316014838158,-0.17273110182584137,0.11917492747306824,0.005407512187957764,0.0004092916964568725,-0.004010379321170729,-0.0004751713750753668,-0.007517356619951695,0.0014052530854855607,0.0005390509525740569,0.0018940403213991708,0.00011920962459987139,0.029836033537969178,RELATIVE_IRIS_TO_FACE,0.18070797517066245,0.19970149406988208,84.65310410922397,56.8567171535434,101.97467489923736
0.4294243454933166,0.493584007024765,0.5468646287918091,0.4991348087787628,0.4878804266452789,0.5720492541790009,0.2629320025444031,0.4355080425739288,-0.0972723936229659,0.0292992477704271,0.0454347556930313,0.0484375,0.08125,0.48814448714256287,0.4963594079017639,-0.058456081151962325,-0.07846524715423586,0.05898420214653016,-0.07291444540023806,0.00026406049728394665,-0.07568984627723696,-0.22232394065021072,-0.1801694519550041,0.2243325245022004,-0.1674238741839581,0.001004291925994949,-0.1737966630694811,0.11744028329849249,0.005550801753997803,-9.768987953774722e-05,-0.005092111492946165,4.5629758302064377e-05,-0.00789640892682595,0.009461918561141217,0.0008584459199128774,0.00206431702488544,1.008602272618644e-06,0.030205280094086736,RELATIVE_IRIS_TO_FACE,0.4056551734321575,0.3148786002051954,228.6193109965808,112.14172809849381,254.64201644950083
0.4741491377353668,0.4895243048667907,0.5913445949554443,0.5019867420196533,0.5295353591442108,0.5704542219638824,0.2594510018825531,0.431998461484909,-0.1371593608853754,0.0249811613468296,0.1207668495716318,0.0484375,0.08125,0.5327468663454056,0.49575552344322205,-0.05538622140884397,-0.08092991709709169,0.06180923581123354,-0.06846747994422908,0.0032115072011947854,-0.07469869852066036,-0.21347467873401824,-0.18733843390443294,0.23823085276388523,-0.15849009768225733,0.012378087014933491,-0.17291426579334507,0.11719545722007751,0.012462437152862604,-0.0016977705039518418,-0.004319599172952132,0.001494862572517042,-0.020882311125854064,0.018812690278484645,0.0006240584222363334,0.014584631955457146,0.0001532170381492651,0.029899343314851584,RELATIVE_IRIS_TO_FACE,0.48780324822083054,0.35240424076405874,281.19407886133155,130.1540355667482,309.8550999434786
0.4793985784053802,0.4909693598747253,0.5949564576148987,0.5108287930488586,0.5346530258655549,0.574886804819107,0.2539825737476349,0.4377314746379852,-0.1534490165204199,0.0270819769100012,0.1702263916118063,0.0484375,0.08125,0.5371775180101395,0.500899076461792,-0.05525444746017466,-0.08391744494438175,0.06030343174934383,-0.06405801177024839,0.0025244921445846114,-0.07398772835731504,-0.2175521118214831,-0.19170986755449762,0.2374313658028742,-0.14634088252350858,0.009939626990695656,-0.16902537503900303,0.11555787920951849,0.019859433174133356,-0.0015252259863020692,-0.004577541304010573,0.0016919868365934385,-0.02877257968372176,0.0235466006710841,0.0007334334733538381,0.02897702440117604,9.879618471416557e-05,0.02856957740707563,RELATIVE_IRIS_TO_FACE,0.32324270294169566,0.31622415045225205,175.8753298826852,112.78759221708098,208.9334167132436
0.4715675711631775,0.4869676232337951,0.5862022042274475,0.5033660531044006,0.5265974998474121,0.568989485502243,0.2523040175437927,0.4373734295368194,-0.176718106648328,0.0217420604249834,0.1471088232960596,0.3703125,0.63125,0.5288848876953125,0.4951668381690979,-0.05502992868423462,-0.08202186226844793,0.0596047043800354,-0.06562343239784241,0.0022873878479003906,-0.07382264733314514,-0.2181095927003504,-0.18753279201249504,0.23624158900788747,-0.15003982058750057,0.009065998153768537,-0.16878630629999775,0.11463463306427002,0.016398429870605524,-0.001602126028611213,-0.0036697620704843072,0.0013336883204051382,-0.02482995490828096,0.031229289217369824,0.0004727171915236293,0.021641005891551286,8.219232252413452e-05,0.028488817194396658,RELATIVE_IRIS_TO_FACE,0.37119380727208595,0.3318455104918141,0.5640366541350161,143.71415496392922,143.71526180035113
0.4819628298282623,0.4938377141952514,0.5977829098701477,0.5149190425872803,0.5339594960212708,0.5762942790985107,0.249755322933197,0.4349024295806885,-0.1596679537177112,0.0419442216573205,0.1795979982011253,0.3703125,0.63125,0.539872869849205,0.5043783783912659,-0.05199666619300852,-0.08245656490325931,0.06382341384887691,-0.06137523651123045,0.005913373827934221,-0.07191590070724485,-0.20819041412387487,-0.18959784401936183,0.25554374795251317,-0.1411241486030877,0.023676666914319276,-0.1653609963112247,0.11582008004188543,0.021081328392028864,-0.0037804049570651943,-0.006935938282753366,0.004252281981886556,-0.029698503918039618,0.025493855444401164,0.0017593177304384342,0.032255440957851406,0.0005605845561716211,0.027344259101040866,RELATIVE_IRIS_TO_FACE,0.5316582029374438,0.5153346481613392,103.26124987996405,55.639368882557164,117.29716576465796
0.4967589974403381,0.4987954497337341,0.6137089729309082,0.5200404524803162,0.5493079006671906,0.5799856841564178,0.2532254755496979,0.4350936710834503,-0.1323567228605185,0.0466202846009071,0.1784281782075009,0.3703125,0.63125,0.5552339851856232,0.5094179511070251,-0.05254890322685252,-0.08119023442268375,0.06440107226371761,-0.05994523167610166,0.005926084518432573,-0.07056773304939268,-0.2075182247662797,-0.18660403024127484,0.25432302804718404,-0.1377754591306148,0.023402401640452274,-0.16218974468594477,0.11694997549057012,0.021245002746582087,-0.0030974651881958853,-0.0075613320566072055,0.00417564789038613,-0.028939220668252826,0.0175183020863761,0.0021734509362695757,0.0318366147784477,0.0005476724025410433,0.02630551328129195,RELATIVE_IRIS_TO_FACE,0.5260735238893361,0.6750682707066452,99.68705528917513,21.032769939189713,101.88172752531213
0.5055021047592163,0.5034412145614624,0.6218794584274292,0.5257304310798645,0.5572423815727234,0.5847421288490295,0.2514505386352539,0.4316183924674988,-0.1257511899569529,0.0518094334554789,0.1918389377836838,0.3703125,0.63125,0.5636907815933228,0.5145858228206635,-0.051740276813507124,-0.08130091428756714,0.06463707685470577,-0.05901169776916504,0.006448400020599321,-0.07015630602836609,-0.20576720589526296,-0.1883629470448475,0.25705681377719414,-0.13672192249404536,0.025644803940965598,-0.1625424347694464,0.11637735366821289,0.0222892165184021,-0.003224864611789179,-0.008421231457879154,0.004919671947705669,-0.03118196803094431,0.01581336177558965,0.0026842173949776964,0.0368021780499721,0.0006576559691705647,0.02642004310077974,RELATIVE_IRIS_TO_FACE,0.5465030483225038,0.6904790926805898,112.76195092640248,28.429964486683126,116.29067227186566
0.4970265924930572,0.4980783760547638,0.6130239367485046,0.5190399885177612,0.550999003648758,0.5812850832939148,0.2507173717021942,0.4324328899383545,-0.1368891526706296,0.054598608963173,0.1809689436833324,0.3703125,0.63125,0.555025264620781,0.5085591822862625,-0.053972411155700784,-0.08320670723915102,0.06202493309974666,-0.06224509477615359,0.004026260972022966,-0.0727259010076523,-0.21527191608841068,-0.19241530246892075,0.24738984061911107,-0.14394162605349164,0.016058962265350304,-0.1681784642612062,0.11599734425544744,0.020961612462997437,-0.0021982977372734173,-0.009182310206224563,0.0029061734378109396,-0.030435079027635557,0.018738640118882936,0.002981008100713475,0.03274975857786114,0.000257890269039945,0.02828399584125781,RELATIVE_IRIS_TO_FACE,0.40489147875559506,0.4422152949746443,22.130546403580844,90.73665841217073,93.39647886257809
0.4807628691196441,0.4975463151931762,0.5953797698020935,0.514488160610199,0.5356684923171997,0.5770891547203064,0.2482606768608093,0.4293025732040405,-0.1520066754331144,0.0497688164473956,0.149037163918357,0.2109375,0.5833333333333334,0.5380713194608688,0.5060172379016876,-0.0549056231975556,-0.0795428395271302,0.0597112774848938,-0.06260099411010744,0.0024028271436691284,-0.0710719168186188,-0.22116116688398263,-0.1852838595413827,0.24051845759361704,-0.14582021296702566,0.009678645354817317,-0.16555203625420412,0.1146169006824494,0.01694184541702276,-0.0014712187030819365,-0.008239328904828067,0.001442477854253553,-0.0246734059642356,0.023106029376228188,0.002476935090574555,0.022212076228827215,9.367617590432683e-05,0.027407476707913315,RELATIVE_IRIS_TO_FACE,0.3731257765318615,0.5898436090967649,103.80049698039137,3.124932366447144,103.84752464874215
0.4786348342895508,0.4967657923698425,0.5933308601379395,0.5085463523864746,0.5337544202804565,0.574463963508606,0.2501705288887024,0.4293925762176513,-0.1552816007948222,0.0441828803172454,0.1117122367597374,0.2109375,0.5833333333333334,0.5359828472137451,0.5026560723781586,-0.05511958599090572,-0.07769817113876348,0.059576439857482955,-0.06591761112213135,0.0022284269332886186,-0.07180789113044739,-0.22032804596318875,-0.1809490280751603,0.2381433086490961,-0.1535136218880102,0.008907631342953684,-0.1672313249815852,0.11469602584838867,0.011780560016632136,-0.00138319125422398,-0.007388761616955748,0.0009950914215524995,-0.018681785369987432,0.024112375545402527,0.0019521269131280306,0.012479623841863624,7.934589614197084e-05,0.027966316055096557,RELATIVE_IRIS_TO_FACE,0.44864725896670776,0.5611758330732035,152.13424573869298,10.635600124862332,152.50555634630823
0.4806782603263855,0.4965509176254272,0.5962895750999451,0.5091108083724976,0.5348029613494873,0.576130211353302,0.2512687444686889,0.4315217733383178,-0.1580172644872959,0.0477942974147945,0.1163977915014586,0.2109375,0.5833333333333334,0.5384839177131653,0.5028308629989624,-0.05412470102310185,-0.07957929372787481,0.06148661375045772,-0.06701940298080444,0.003680956363677934,-0.0732993483543396,-0.21540561673714365,-0.18441547286961357,0.2447045749101275,-0.15530943180279846,0.014649479086491932,-0.16986245233620595,0.11561131477355957,0.012559890747070368,-0.0023148706114113054,-0.008118456566562982,0.0017051670123144661,-0.01977161431095615,0.024969455876048024,0.002284294865373832,0.013548445866417028,0.0002146072375055645,0.028853252713669838,RELATIVE_IRIS_TO_FACE,0.5268831631464329,0.44039313989643225,202.20522441371708,68.61129284971254,213.52859828770173
0.476943165063858,0.4978584349155426,0.5923919677734375,0.5105476975440979,0.5330633282661438,0.5776353776454926,0.2529352903366089,0.4328902065753937,-0.1464985684155954,0.0491291969197374,0.1136369732339647,0.2109375,0.5833333333333334,0.5346675664186478,0.5042030662298203,-0.0561201632022858,-0.07977694272994995,0.05932863950729372,-0.06708768010139465,0.0016042381525039895,-0.0734323114156723,-0.2218755671019447,-0.18428908687534573,0.23456053555331566,-0.15497619842769172,0.006342484225685592,-0.16963264265151873,0.11544880270957952,0.012689262628555298,-0.0009291648592614353,-0.008333915504841909,0.0007207407101910769,-0.019276540072597333,0.02146183054781888,0.0024136779899783345,0.012913361685776809,4.0227106153070566e-05,0.02877523345293785,RELATIVE_IRIS_TO_FACE,0.3855159035421467,0.4200995769809234,111.7301782669739,78.3522030491568,136.46501551029868
0.4716036319732666,0.5030384063720703,0.5873883962631226,0.5139538645744324,0.5289327800273895,0.5800571382045746,0.2509162724018097,0.433281809091568,-0.160594703654782,0.0473814571973429,0.0976983434059588,0.2109375,0.5833333333333334,0.5294960141181946,0.5084961354732513,-0.057329148054122925,-0.0770187318325043,0.05845561623573303,-0.06610327363014223,0.0005632340908050537,-0.07156100273132326,-0.22847918638583117,-0.17775666653630687,0.232968604811879,-0.15256415274644203,0.0022447092130239194,-0.16516040964137443,0.11578476428985596,0.01091545820236206,-0.00036048841085673525,-0.007825540880118402,0.0002193043715405304,-0.01613589841821183,0.025790658841967254,0.0022450024861436373,0.009544966304268654,5.038719451034463e-06,0.02727796091290661,RELATIVE_IRIS_TO_FACE,0.3466324962789197,0.6208978796719504,86.8447976185086,18.030982242536187,88.69687251549725
0.472809374332428,0.4973455369472503,0.589198648929596,0.5074335336685181,0.5294218182563781,0.5757673919200897,0.2507878541946411,0.4348539412021637,-0.1390628498199177,0.0432931607014245,0.0905845005835762,0.409375,0.1354166666666666,0.531004011631012,0.5023895353078842,-0.05661244392395015,-0.07842185497283943,0.05977683067321782,-0.06833385825157168,0.0015821933746338335,-0.07337785661220553,-0.22573837097640492,-0.18034067473927837,0.2383561535769686,-0.15714208888446607,0.006308891300281835,-0.16874138181187215,0.11638927459716797,0.010087996721267756,-0.0008773324034212781,-0.00730534775976181,0.0005714877676720986,-0.015285353799210987,0.019338476200036987,0.0018742977635193667,0.008205551745975917,3.9802109438771816e-05,0.028473653935780018,RELATIVE_IRIS_TO_FACE,0.4243115360496886,0.47205530374532034,9.559383071800696,161.5865457977538,161.86906309595733
0.4727322161197662,0.4971529841423034,0.5890159010887146,0.5076004862785339,0.5291084349155426,0.5757504761219024,0.2534171044826507,0.4365067780017853,-0.1264956751328636,0.0457459227949542,0.0938709848643671,0.409375,0.1354166666666666,0.5308740586042404,0.5023767352104187,-0.05637621879577642,-0.07859749197959903,0.059907466173172,-0.06814998984336851,0.001765623688697815,-0.07337374091148374,-0.222464133532844,-0.18006018265923868,0.23639865955964606,-0.15612584206385763,0.006967263013401142,-0.16809301236154808,0.11628368496894842,0.010447502136230524,-0.0008813286387084071,-0.007689569965862661,0.0006540238408770432,-0.015779056619196753,0.01600115582731897,0.0020926894523619105,0.008811761799406237,4.854275389790756e-05,0.028255260804779556,RELATIVE_IRIS_TO_FACE,0.43098814235207733,0.46685393736926695,13.832411105329498,159.08988993724816,159.6901020014471
0.4699479937553406,0.49775230884552,0.5862584710121155,0.5080172419548035,0.5266022026538849,0.5765154600143433,0.2544693648815155,0.4366360306739807,-0.1289674799366404,0.0469600385609956,0.0918870773759681,0.409375,0.1354166666666666,0.528103232383728,0.5028847754001617,-0.056654208898544334,-0.07876315116882326,0.05965626835823057,-0.06849821805953982,0.0015010297298431174,-0.07363068461418154,-0.22263664900706942,-0.1803862801779862,0.23443398006541008,-0.15687715094202404,0.005898665529170329,-0.1686317155600051,0.1163104772567749,0.010264933109283447,-0.0007607360282862267,-0.007918951865304683,0.0005420111358938298,-0.015495075495704435,0.016632610881207745,0.0022052452216501936,0.00844323498869715,3.479425502502228e-05,0.02843665549271047,RELATIVE_IRIS_TO_FACE,0.4158715280816007,0.44424073315824125,4.157777972224466,148.23555191595585,148.29385007307064
0.4682535231113434,0.4987347722053528,0.5845082402229309,0.5082677602767944,0.5249322295188904,0.5771359145641327,0.2540331482887268,0.4373507797718048,-0.1331268481774503,0.0461246930761495,0.0868810483852013,0.409375,0.1354166666666666,0.5263808816671371,0.5035012662410736,-0.05667870640754702,-0.07840114235877993,0.059576010704040505,-0.06886815428733828,0.001448652148246743,-0.0736346483230591,-0.22311538694144656,-0.179263749357094,0.2345206078819369,-0.1574666283860409,0.005702610470245174,-0.16836518887156746,0.11625471711158752,0.00953298807144165,-0.0007591705582874677,-0.00776579266140899,0.0004954487761873265,-0.014627744120734209,0.017722757705661903,0.0021274873113689935,0.00754831656851169,3.251976617534988e-05,0.028346836823758582,RELATIVE_IRIS_TO_FACE,0.4251596747974441,0.4478184353040012,10.10219187036423,149.9528489459206,150.29275161358825
0.4724930822849273,0.4900095760822296,0.5875186920166016,0.4987271726131439,0.5262259364128112,0.5682228803634644,0.2557593584060669,0.4361299276351928,-0.1165642413183156,0.0224676734299606,0.0799688460657042,0.409375,0.1354166666666666,0.5300058871507645,0.49436837434768677,-0.05373285412788392,-0.07821330428123474,0.06129275560379033,-0.06949570775032043,0.0037799507379532304,-0.07385450601577759,-0.21009144049250522,-0.1793348668181944,0.23965008979251295,-0.15934633638576567,0.014779324650003967,-0.16934060160198006,0.11502560973167425,0.008717596530914307,-0.0017227407650247926,-0.0038046893352263506,0.001181885537891235,-0.013541972502182486,0.013587222354114513,0.0005047963493553574,0.006395016341080294,0.0002184284371102149,0.02867623935092053,RELATIVE_IRIS_TO_FACE,0.6015174864822375,0.40015149499283237,122.97119134863198,127.07271759655958,176.8315284644592
