leftdx,leftdy,rightdx,rightdy,face_center_x,face_center_y,face_width,face_height,face_yaw,face_pitch,face_roll,dot_x,dot_y,pred_dot_x,pred_dot_y,x_error_pixels,y_error_pixels,total_error_pixels
0.4089430272579193,0.5146948099136353,0.5298612713813782,0.518519937992096,0.4700717866420746,0.587424248456955,0.2704906463623047,0.4362020194530487,-0.0294660957938158,0.0587165547854949,0.0261559157552116,0.284375,0.8104166666666667,0.37629296258340855,0.8969852410606207,58.82749605338148,41.552915709097945,72.02304558846434
0.408339262008667,0.526113748550415,0.531004011631012,0.5287628173828125,0.4706887185573578,0.5939091205596924,0.2712875008583069,0.4358503222465515,-0.0323172906034979,0.0657969286228581,0.0157130348897366,0.284375,0.8104166666666667,0.39249008266671104,1.518618183479803,69.19365290669506,339.9367280703054,346.9073949827489
0.4125525057315826,0.5220632553100586,0.5340448617935181,0.528237521648407,0.4740360617637634,0.5971462547779083,0.2715376913547516,0.4437308013439178,-0.0327885954276742,0.0620681792461415,0.0352327701058643,0.284375,0.8104166666666667,0.36878603989154624,1.0895138740361416,54.0230655305896,133.966659537348,144.4491518733083
0.4133298397064209,0.5188705325126648,0.5353711247444153,0.5245684385299683,0.4749233543872833,0.5943587958812714,0.2719578742980957,0.4412244856357574,-0.0295096364079482,0.0598626332375933,0.0327599317755048,0.284375,0.8104166666666667,0.35990547801257033,0.8905493559751706,48.33950592804502,38.46369086808188,61.77510298302112
0.4111085534095764,0.5269917249679565,0.5338427424430847,0.5322374701499939,0.4734238803386688,0.6008493304252625,0.2732768058776855,0.4438796043395996,-0.0300506627953439,0.0648203103934651,0.0298317131090215,0.284375,0.8104166666666667,0.37113462600697555,1.1868929194720965,55.52616064446436,180.70860134660632,189.04696008283642
0.4076293408870697,0.5213606357574463,0.5293166041374207,0.5260107517242432,0.4706417500972747,0.59575657248497,0.272174209356308,0.442728728055954,-0.0347400223659044,0.06134380029068,0.0269517915690828,0.090625,0.4916666666666666,0.2860876600366227,1.0048174959217986,125.09610242343854,246.31239804246337,276.2586329347272
0.4056547284126282,0.5156704783439636,0.527432382106781,0.5181776881217957,0.4694172024726867,0.5909577429294586,0.2716675996780395,0.4443289935588836,-0.0369917587902653,0.0586445342129866,0.0155688551130311,0.090625,0.4916666666666666,0.2355921307956636,0.7119979794403503,92.7789637092247,105.75903013136816,140.68727220784854
0.4046513140201568,0.5130041837692261,0.525480329990387,0.5152252316474915,0.4672518670558929,0.5895146071910858,0.2707718014717102,0.4407121241092682,-0.0432381195990047,0.0579258505887774,0.0189723504083477,0.090625,0.4916666666666666,0.28203981208885665,0.46039705134772557,122.50547973686824,15.009415353091686,123.42153424261853
0.4039286673069,0.5167452692985535,0.5249255895614624,0.5197075009346008,0.4655465185642242,0.5928960859775543,0.2710441946983337,0.4443115293979645,-0.0551109026388237,0.0664535304774331,0.0241019246197516,0.090625,0.4916666666666666,0.3758400774274109,0.7099413468049778,182.53764955354296,104.77184646638938,210.46884167617003
0.4005521237850189,0.5154518485069275,0.5212677717208862,0.5171123147010803,0.4637704610824585,0.5891946971416473,0.2701700627803802,0.44220831990242,-0.0657471598339312,0.0590737030185033,0.0166552312628834,0.090625,0.4916666666666666,0.2738216629494304,0.8975407009944765,117.24586428763544,194.81953647734875,227.37907662272633
0.3988829851150512,0.5168277025222778,0.5197792053222656,0.5189546942710876,0.4621955215930938,0.5891268372535705,0.2695578932762146,0.4426490068435669,-0.0696758004710298,0.0577162502837841,0.0121798615173265,0.140625,0.9416666666666668,0.2703574930409184,1.144769560318991,83.02879554618777,97.4893889531156,128.054526855955
0.4012458920478821,0.5213937759399414,0.5232140421867371,0.5239898562431335,0.4641284048557281,0.5933699488639832,0.2691757977008819,0.4401324987411499,-0.0657669180199691,0.0610208447823311,0.0151268034127979,0.140625,0.9416666666666668,0.32146879301884423,1.2120918619054213,115.74002753206031,129.80409371460217,173.91048478510805
0.4022567868232727,0.5235991477966309,0.5247527360916138,0.5270885229110718,0.4656676769256592,0.5952919960021973,0.2703023552894592,0.44137042760849,-0.0577228357450989,0.0628973093330463,0.0205156315656152,0.140625,0.9416666666666668,0.3017034472732888,1.326056343140324,103.09020625490483,184.5070447073555,211.35382696398213
0.4023669362068176,0.5160169005393982,0.5246704816818237,0.518983781337738,0.4655778884887695,0.5886680722236634,0.2703453004360199,0.4419893622398376,-0.0581391298232014,0.0567002829670503,0.0175314786825823,0.140625,0.9416666666666668,0.2903758933644788,1.097430076955902,95.84057175326642,74.76643693883291,121.55424832773836
0.4024659991264343,0.522620439529419,0.524803102016449,0.525817334651947,0.4656628370285034,0.594098562002182,0.2706596255302429,0.441883236169815,-0.0583881222176587,0.0616937884383779,0.0167301944763735,0.140625,0.9416666666666668,0.3144479884535735,1.3256307013430932,111.24671261028706,184.3027366446847,215.2750096999552
0.4033522605895996,0.5212967395782471,0.525192141532898,0.5241450071334839,0.4660457909107208,0.5934889853000641,0.2709663510322571,0.4433906376361847,-0.0575123167067049,0.0604583524586863,0.0165487390559894,0.3703125,0.1458333333333333,0.34008267156636063,1.2320961148914082,19.34709019752919,521.406135147876,521.7649544277158
0.4088388979434967,0.5065349340438843,0.5281005501747131,0.5100597739219666,0.4672275185585022,0.5834527909755707,0.2694772779941559,0.4451810419559479,-0.0583694244636539,0.0531985071158752,0.0288406812855725,0.3703125,0.1458333333333333,0.5173104149179045,0.6221280993667686,94.07866554745891,228.62148769604897,247.22172224047245
0.4090820848941803,0.5112105011940002,0.5290915966033936,0.5156005024909973,0.4680195093154907,0.5881209254264832,0.2697731852531433,0.4482951164245605,-0.0563472331128979,0.060401848442205,0.0365089147127594,0.3703125,0.1458333333333333,0.5120364813681776,0.8020505701205206,90.70334807563367,314.98427365784994,327.783754942024
0.4090469479560852,0.5051292181015015,0.5290541648864746,0.5079489946365356,0.4683577895164489,0.5818946599960327,0.2696506679058075,0.4452491998672485,-0.0553338730489418,0.0488473826519315,0.0259345640685642,0.3703125,0.1458333333333333,0.4698275544519149,0.5713724569741943,63.68963484922553,204.25877934761328,213.957983089682
0.4097301363945007,0.5113319158554077,0.52979576587677,0.514599621295929,0.4684827804565429,0.5879885435104371,0.2700353264808655,0.4453856348991394,-0.054547449133539,0.053910419653519,0.0297992425874374,0.3703125,0.1458333333333333,0.5270413826361461,0.6893646830008485,100.30648488713351,260.8950478404073,279.5131783978372
0.4107876420021057,0.5049950480461121,0.530337393283844,0.5083140730857849,0.4683228194713592,0.5820657670497894,0.2680657505989074,0.444888025522232,-0.053945093128314,0.0495781240108748,0.0272381761414128,0.846875,0.30625,0.5649798548841208,0.5749546885854744,180.4128928741627,128.9782505210277,221.77511362343856
0.4199548363685608,0.5044978857040405,0.5398047566413879,0.5089246034622192,0.4717584192752838,0.5821197211742402,0.2688178420066833,0.4431377947330475,-0.0417718122888726,0.0412084695401653,0.0330096855087453,0.846875,0.30625,0.9357497571895501,0.5185393550918553,56.879844601312044,101.89889044409055,116.69918849591961
0.4201154708862304,0.5063587427139282,0.5399066805839539,0.5101173520088196,0.4728973567485809,0.5824417531490326,0.2702502012252807,0.4411669075489044,-0.035831021564404,0.029675159366903,0.0309669069016841,0.846875,0.30625,0.8835014785461843,0.6263910268317668,23.44094626955794,153.66769287924808,155.44528875730913
0.4213390350341797,0.5039621591567993,0.5409554243087769,0.5082281231880188,0.4737807691097259,0.5810973763465881,0.2691289484500885,0.4435101151466369,-0.0309323358509951,0.0320390841656178,0.0332205390079735,0.846875,0.30625,0.8849001682453341,0.5541196975107991,24.336107677013814,118.97745480518358,121.44085345873815
0.4214650094509125,0.5066009163856506,0.5416059494018555,0.5099717378616333,0.4745229363441467,0.5854222476482391,0.2693983316421509,0.4507102072238922,-0.0339195451787862,0.042542793995368,0.025221307732161,0.846875,0.30625,0.8756539780815868,0.47411908590251034,18.418545972215554,80.57716123320495,82.65543991857115
0.4239901602268219,0.4996628165245056,0.5431519746780396,0.5047027468681335,0.4761226892471313,0.578326815366745,0.2685430943965912,0.4452207386493683,-0.0317188430652912,0.0418757010532541,0.0395169412064142,0.696875,0.9791666666666666,0.8785083028099558,0.40990573510947903,116.24531379837173,273.2452471474501,296.94433496659434
0.4173058867454529,0.5126733183860779,0.5360700488090515,0.5169098377227783,0.475004118680954,0.5887633740901947,0.2696473598480224,0.4459274113178253,-0.0271249656272463,0.0535147369406652,0.0324479961922982,0.696875,0.9791666666666666,0.5554175198727255,0.7848744567884127,90.53278728145571,93.26026074156188,129.97562004673577
0.4168505072593689,0.5025848150253296,0.5360766649246216,0.5066421031951904,0.4747918546199798,0.579110962152481,0.2682730555534363,0.4431513845920563,-0.0277624906268225,0.043708938711781,0.0287636736364367,0.696875,0.9791666666666666,0.5019582578637667,0.5541678448490777,124.74671496718933,203.99943447244272,239.11819704945424
0.4191438257694244,0.5155103802680969,0.5378435254096985,0.5211449861526489,0.4758830249309539,0.5913657128810883,0.269609272480011,0.4445265233516693,-0.0255043173192627,0.0533502482428908,0.0376566133968153,0.696875,0.9791666666666666,0.6102256026417799,0.9218451867505405,55.45561430926085,27.51431035974054,61.90607751254817
0.4216655194759369,0.5150752663612366,0.5399757623672485,0.5215219259262085,0.4775874972343444,0.5905083179473877,0.2702275812625885,0.4451959133148193,-0.024693975615542,0.0539748308642431,0.0409394455421726,0.696875,0.9791666666666666,0.6554999878383998,1.0359176473605065,26.480007783424142,27.240470733043143,37.98992047856883
0.4222533106803894,0.5113382935523987,0.5408445596694946,0.5175811052322388,0.4783264100551605,0.5870296955108643,0.2689237296581268,0.4424901008605957,-0.0259171439992295,0.0488412059023523,0.042648664844266,0.425,0.5458333333333333,0.6298127365118178,0.9181839531376019,131.0801513675634,178.72829750604896,221.64343078908087
0.4198138117790222,0.5099359750747681,0.5395996570587158,0.5157111287117004,0.4780416667461395,0.5871622025966644,0.2685634195804596,0.4416103661060333,-0.0263251050630567,0.0478877863623158,0.0417128567751532,0.425,0.5458333333333333,0.4966148853087009,0.6715551806528904,45.833526597568586,60.346486713387435,75.77869502056019
0.4184066355228424,0.5112312436103821,0.5385266542434692,0.5168805718421936,0.4772658348083496,0.5885952711105347,0.2691988945007324,0.4425441026687622,-0.027578000038969,0.0493397810377259,0.0408053102029607,0.425,0.5458333333333333,0.4701827879407964,0.6740461833964267,28.916984282109688,61.54216803028486,67.9972824886377
0.4174025654792785,0.5114735960960388,0.5374716520309448,0.516655683517456,0.4763261198997497,0.588383823633194,0.2676223814487457,0.4436750710010528,-0.0280752594929329,0.0499636770085035,0.0380760862244358,0.425,0.5458333333333333,0.4660548879570675,0.7396860876155483,26.275128292523213,93.04932205546322,96.68794496611181
0.4172878861427307,0.5111712217330933,0.5370492935180664,0.5163406133651733,0.4761376678943634,0.5877908587455749,0.2667734622955322,0.4439548254013061,-0.0285788910645805,0.0486973851574165,0.0381840389136868,0.425,0.5458333333333333,0.4620847844916058,0.7929494168586682,23.734262074627708,118.61572009216074,120.96695519524718
0.4199497699737549,0.5085198283195496,0.5389997363090515,0.5128437876701355,0.4756030559539795,0.5857651591300964,0.2659119963645935,0.4468444585800171,-0.0334191236876194,0.0460260009396001,0.0327134546725582,0.9390625,0.4020833333333333,0.6625770348419115,0.7201734497883276,176.95069770117664,152.68325589839728,233.71719245418953
0.4245150685310364,0.507658064365387,0.544899046421051,0.5120182633399963,0.4761431932449341,0.5855920076370239,0.2675704956054687,0.4488235712051391,-0.0364931585212853,0.0368594464017976,0.0335468198237559,0.9390625,0.4020833333333333,0.9636567117671972,0.6882292559672661,15.740295531006225,137.35004286428776,138.24901872427557
0.4250008165836334,0.5067721009254456,0.5455877780914307,0.511043906211853,0.4766104876995086,0.5850207269191742,0.2683889865875244,0.4485625922679901,-0.0369200856352241,0.0341466028465518,0.0321244123106696,0.9390625,0.4020833333333333,0.9670940802668454,0.6246539132121279,17.940211370781043,106.83387834182143,108.3297223553324
0.4257749915122986,0.5053237676620483,0.5466128587722778,0.5098926424980164,0.4772588133811951,0.5838225722312927,0.268771767616272,0.4489625692367553,-0.0386852158300663,0.0337062496631193,0.0343632116821077,0.9390625,0.4020833333333333,0.9766178741025437,0.612978732405625,24.035439425627985,101.2297915547,104.04409183894607
0.4257680475711822,0.505222499370575,0.5462995767593384,0.5099968314170837,0.4768411695957184,0.5837610423564911,0.2694485485553741,0.4498368203639984,-0.0387932765067618,0.0331866218003303,0.0352319662925763,0.9390625,0.4020833333333333,1.0016889920941914,0.632997813021537,40.08095494028247,110.83895025033779,117.86329302001454
0.4215199053287506,0.5042470693588257,0.5413275361061096,0.5087894797325134,0.4758859157562256,0.582341879606247,0.2700628042221069,0.4493224322795868,-0.0369970482698588,0.0337426299644373,0.0341198119192591,0.3921875,0.83125,0.7696239294914605,0.6236438431834563,241.55931487453472,99.65095527194097,261.306745969684
0.4152396619319916,0.5079811215400696,0.5360509157180786,0.5117601156234741,0.4748150587081909,0.5840856432914734,0.2708035409450531,0.4466015100479126,-0.0322812267963395,0.0320157005524021,0.0276622229722438,0.3921875,0.83125,0.4559391256405148,0.7584332798134963,40.80104040992946,34.952025689521804,53.724938327872366
0.4148370623588562,0.5066811442375183,0.5350638628005981,0.5101324915885925,0.4745770454406738,0.5831212520599365,0.2706804871559143,0.447028636932373,-0.0321748455551481,0.0280825227443153,0.0249285299072755,0.3921875,0.83125,0.42899689858166656,0.6977765812153136,23.558015092266587,64.06724101664949,68.26120015479448
0.4162686765193939,0.5062481164932251,0.535312294960022,0.5101184844970703,0.4746450901031494,0.5834839284420014,0.2708060145378113,0.4476455748081207,-0.0336291049091082,0.0287757865204557,0.0288258840985419,0.3921875,0.83125,0.49503388684351446,0.6508112893913814,65.82168757984924,86.61058109213693,108.78367208812591
0.4162229597568512,0.5052908062934875,0.5353845357894897,0.5089558959007263,0.4744357347488403,0.5828275442123413,0.270570307970047,0.4485827088356018,-0.0350572039379951,0.0289851712118399,0.0270501446451067,0.3921875,0.83125,0.5065836642409445,0.6145739155045327,73.21354511420445,104.00452055782435,127.18947867120362
0.4155659079551697,0.5067805647850037,0.5349582433700562,0.5101783871650696,0.4735814034938812,0.5838847219944,0.2698937356472015,0.4474904239177704,-0.0376003284404786,0.0313977015557544,0.0243844861433669,0.6375,0.11875,0.5277812695679868,0.6475658581390703,70.21998747648844,253.83161190675372,263.3653998618251
0.4181014597415924,0.5041508674621582,0.5368789434432983,0.5077537894248962,0.4731111764907837,0.5824095666408539,0.2693683803081512,0.4488401114940643,-0.0381178719529107,0.0313460475446654,0.0249149936561381,0.6375,0.11875,0.7051279471637766,0.5260983107308141,43.28188618481704,195.52718915079078,200.2603389813484
0.4191725254058838,0.5018007755279541,0.5377551317214966,0.5055235624313354,0.4735129177570343,0.5813342809677124,0.2698090672492981,0.4488059282302856,-0.0392503719642251,0.030128368753448,0.0282026561733345,0.6375,0.11875,0.7379820066762194,0.3580959218661131,64.30848427278043,114.8860424957343,131.66010751094697
0.419628232717514,0.5034753084182739,0.5385928153991699,0.5071566700935364,0.4740252196788788,0.5827565312385559,0.2702421247959137,0.4476549029350281,-0.0389100645017143,0.0329913721008047,0.0297539768032469,0.6375,0.11875,0.7497898676630874,0.3695771814154213,71.86551530437598,120.3970470794022,140.2144829730627
0.419547975063324,0.5019229054450989,0.5386120080947876,0.5062552094459534,0.4738774597644806,0.5813516855239869,0.2705562114715576,0.4496585726737976,-0.0377524134315008,0.0330886626876204,0.0333038677149581,0.6375,0.11875,0.7518495111095846,0.4151279312664852,73.1836871101342,142.26140700791288,159.9817489056332
0.4190497994422912,0.4999140799045563,0.5380904674530029,0.503591775894165,0.473514574766159,0.5791374623775483,0.2704679071903229,0.4528716504573822,-0.0364320701342321,0.0323341877990248,0.0284718798488282,0.7109375,0.5791666666666667,0.7471469199579762,0.4303094532314521,23.17402877310478,71.45146244890302,75.11555827965127
0.4187869131565094,0.5041928887367249,0.538025438785553,0.5080356597900391,0.4733175873756409,0.5824522972106934,0.2703274488449096,0.4521293640136719,-0.0379875431665351,0.0332755825873459,0.0296834817223781,0.7109375,0.5791666666666667,0.7600346242651262,0.6053767616620045,31.422159529680798,12.580845597762131,33.84715328448525
0.4188498854637146,0.503558337688446,0.5384353399276733,0.5074635744094849,0.4733863651752472,0.5816806018352508,0.2697153091430664,0.4523756802082062,-0.0392984907201476,0.0318030076534291,0.0292423318758091,0.7109375,0.5791666666666667,0.7610085386226513,0.6400401444657936,32.04546471849682,29.219269343580905,43.36677887504617
0.4166365563869476,0.5022404789924622,0.5361830592155457,0.5058850646018982,0.4739116072654724,0.5800404727458954,0.2697887718677521,0.4507713615894317,-0.0376337363074004,0.0285222973285227,0.0271848903823583,0.7109375,0.5791666666666667,0.5697230951490658,0.6080957329486036,90.37721910459787,13.885951815329722,91.43774598544165
0.4160049855709076,0.5044868588447571,0.5355023145675659,0.5072163343429565,0.4737824082374572,0.5829046845436097,0.2710510790348053,0.4551604390144348,-0.035605139766893,0.0208552543271796,0.0202424173552922,0.7109375,0.5791666666666667,0.5535404109923177,0.5960748222463761,100.7341369649167,8.115914678260499,101.06054829225597
0.4152137339115143,0.5050144791603088,0.5344981551170349,0.5078760385513306,0.4732255458831787,0.582468968629837,0.2703452706336975,0.4520930349826813,-0.040584120304054,0.0217705001244254,0.0212144112978697,0.0546875,0.06875,0.5320168819697961,0.6813617569562659,305.49080446066955,294.05364333900764,424.0190759517446
0.4083704352378845,0.5038312077522278,0.5277472734451294,0.5064560174942017,0.4720544934272766,0.5818424701690674,0.2705258429050445,0.4497755169868469,-0.0417976475710232,0.0237467467781856,0.0194846518843951,0.0546875,0.06875,0.14426376076496739,0.5229404927678658,57.32880688957913,218.0114365285756,225.42311007666407
0.4060031473636627,0.5003533959388733,0.5246610641479492,0.502561092376709,0.4701898753643035,0.5790895581245422,0.2706879377365112,0.4499956965446472,-0.0435265414333497,0.0220922754953027,0.0155446483885606,0.0546875,0.06875,0.08811819506280505,0.3613603425752222,21.39564484019523,140.45296443610667,142.07325165919875
0.4029578268527984,0.5028402805328369,0.522396445274353,0.504699170589447,0.4681355178356171,0.5808221817016601,0.2704754173755646,0.4504464864730835,-0.0440570696376644,0.0233673995711131,0.0135375922391632,0.0546875,0.06875,0.05001588475018498,0.4593980170627828,2.9898337598816127,187.51104819013577,187.5348828865583
0.4033357203006744,0.502301037311554,0.5223503708839417,0.5041661262512207,0.4674893379211425,0.5808150589466095,0.2705130279064178,0.4510107338428497,-0.044692131497158,0.0249310978114712,0.013841766554484,0.0546875,0.06875,0.11006362448216866,0.39724459197379813,35.440719668587946,157.67740414742312,161.61128793898413
0.4089284837245941,0.5038651823997498,0.5302116870880127,0.5066746473312378,0.4682981908321381,0.5826257765293121,0.2701297104358673,0.4532753527164459,-0.0454699108533062,0.0309878491566759,0.0185177520468615,0.7703125,0.3854166666666667,0.4757705721848441,0.4988873587219759,188.50683380169977,54.465932186548436,196.21764487143184
0.4144825935363769,0.5017240047454834,0.5340601205825806,0.5040602087974548,0.4703109681606293,0.5804202616214752,0.2694657146930694,0.4511793553829193,-0.0461242152945955,0.0286523271216119,0.0177767999817849,0.7703125,0.3854166666666667,0.6741796889075922,0.4227983928546542,61.524999099140985,17.94322857023401,64.08810315240233
0.413774311542511,0.5037596225738525,0.532994270324707,0.5078117847442627,0.4710762917995453,0.5837108790874481,0.2700790166854858,0.4508813917636871,-0.044657080041508,0.0295722426806302,0.0305048935463066,0.7703125,0.3854166666666667,0.5590706378207387,0.4217555601945111,135.19479179472717,17.442668893365322,136.31536386828597
0.415595144033432,0.5015478730201721,0.5344473123550415,0.5057191252708435,0.4723248064517975,0.5812120914459229,0.2699254751205444,0.4508407711982727,-0.0390686035722314,0.0276863524449774,0.0313978121967943,0.7703125,0.3854166666666667,0.5816378153253932,0.42229191905266494,120.75179819174835,17.700121145279162,122.04216916745735
0.420577198266983,0.5053185224533081,0.5407693982124329,0.5095753073692322,0.4737466692924499,0.5843142390251159,0.2694054543972015,0.4517593383789062,-0.0390847774832636,0.0327298270650026,0.0321565470778463,0.7703125,0.3854166666666667,0.8603862218028623,0.5763805845792087,57.64718195383189,91.66268059802017,108.28316859804605
0.4231270253658294,0.5016730427742004,0.5425650477409363,0.5062278509140015,0.4756382524967193,0.5807400703430176,0.2692289054393768,0.4512993097305298,-0.0376452472004377,0.027940660995786,0.0349530122300859,0.4984375,0.15,0.8746258140417784,0.5501082628235348,240.7605209867382,192.05196615529667,307.9766000363028
0.4196856021881103,0.4974852502346039,0.5376039743423462,0.5018867254257202,0.4762369155883789,0.5766236305236816,0.2680226564407348,0.4484072923660278,-0.0398365547513562,0.0238248545199764,0.0357157628454791,0.4984375,0.15,0.5516481062951583,0.4541254640485537,34.0547880289013,145.98022274330577,149.89981327499567
0.4189995229244232,0.4977394342422485,0.5373160243034363,0.5025020837783813,0.4761472940444946,0.5771883308887482,0.2682616710662842,0.4491760432720184,-0.039062506943389,0.0249030858659857,0.0370919673972063,0.4984375,0.15,0.5174876327953948,0.45543356845648675,12.192084989052674,146.60811285911362,147.11419269564334
0.4176607728004455,0.4962300956249237,0.5359066128730774,0.5004095435142517,0.4749586880207062,0.5755017638206482,0.2685936093330383,0.4480854272842407,-0.0377214728067864,0.023066191374777,0.0340657287874782,0.4984375,0.15,0.5066714654130468,0.37330659558186713,5.269737864349935,107.18716587929623,107.31662809832747
0.4161208271980285,0.4996669590473175,0.5348076820373535,0.5038264393806458,0.4737075209617615,0.5789609551429749,0.2696448266506195,0.4491617679595947,-0.0367171324586951,0.0252258454574262,0.0322396032668285,0.4984375,0.15,0.5112824784130832,0.4091119924638291,8.220786184373239,124.37375638263796,124.64514672548209
0.4158552587032318,0.4967568516731262,0.5344823598861694,0.5001700520515442,0.4731845796108246,0.5759931147098541,0.269452154636383,0.4488851130008697,-0.037728365589338,0.0239830342213578,0.0278113253412531,0.909375,0.7291666666666666,0.5243934059960087,0.3177112813478494,246.38822016255446,197.4985849530323,315.7734094146015
0.4167579710483551,0.4986844360828399,0.5359265208244324,0.5028484463691711,0.4740739405155182,0.5780675828456878,0.2690699100494385,0.4494348466396332,-0.0385835369111638,0.0263824596096782,0.0326526165748566,0.909375,0.7291666666666666,0.5345096416520427,0.4047854428946605,239.91382934269268,155.70298741056294,286.0106043461476
0.4239788651466369,0.5051298141479492,0.5428906083106995,0.5098140239715576,0.4761455178260803,0.5827362596988678,0.268808364868164,0.4502687752246856,-0.0365222304215478,0.0273284670701875,0.0355199195558588,0.909375,0.7291666666666666,0.8978995879133403,0.763683011619517,7.3442637354622065,16.567845577368185,18.122685145737755
0.4241479933261871,0.5038967132568359,0.543631911277771,0.5084888339042664,0.4766456365585327,0.5815385282039642,0.2675885558128357,0.4506508409976959,-0.0337906633661447,0.0280376405968971,0.0350646856271825,0.909375,0.7291666666666666,0.8770350102116632,0.7488777462823413,20.697593464535586,9.461318215523828,22.757568358649156
0.4234499335289001,0.5057637691497803,0.5429753065109253,0.5092517733573914,0.4758292734622955,0.5831571161746979,0.2674765288829803,0.4502525627613067,-0.031872063169086,0.0283205836601862,0.024155434231902,0.909375,0.7291666666666666,0.8937793713614542,0.6942301614030648,9.981202328669312,16.76952252652887,19.5151552823336
0.4242227673530578,0.5062967538833618,0.544360339641571,0.5106658339500427,0.4778570353984833,0.5836203694343567,0.2685236036777496,0.4462061524391174,-0.0294424947312238,0.0284576195045295,0.031473786223075,0.090625,0.2270833333333333,0.8135668191275256,0.6698095921290746,462.6827642416164,212.50860422195584,509.15149729194263
0.4128965735435486,0.5116094350814819,0.5328859090805054,0.5147240161895752,0.475456166267395,0.5900602221488953,0.2731240391731262,0.44979327917099,-0.0296212939420081,0.0349686911920431,0.0208464174313928,0.090625,0.2270833333333333,0.25639970793293826,0.513460028713284,106.09581307708048,137.46081378237633,173.64272768590092
0.4088456630706787,0.5112994313240051,0.5278139114379883,0.5145246982574463,0.4722806751728058,0.5895853400230407,0.2717236280441284,0.4490358233451843,-0.0357298444359723,0.0316884914206025,0.0220108000511953,0.090625,0.2270833333333333,0.17160859048720628,0.5621616512356012,51.82949791181202,160.8375925930886,168.9823305701838
0.4076798856258392,0.5128909945487976,0.5275554060935974,0.5164220333099365,0.4705002307891845,0.589879721403122,0.2696632742881775,0.4456275403499603,-0.0402803899651628,0.0293825983785355,0.0232250941686329,0.090625,0.2270833333333333,0.22204713301562035,0.7229350449665536,84.11016512999701,238.00882158394575,252.43359330717828
0.4129362106323242,0.5120530724525452,0.5329224467277527,0.5163180828094482,0.4742495119571686,0.5903960943222046,0.2722480893135071,0.4459950923919678,-0.0318516539994504,0.0325788407063041,0.0314942488771871,0.090625,0.2270833333333333,0.3262823026160671,0.5569094535791678,150.82067367428294,158.31653771800055,218.65726999708843
0.4135123193264007,0.5092096924781799,0.5329050421714783,0.5144678354263306,0.47557572722435,0.5888997554779053,0.2717016339302063,0.448103129863739,-0.0335471000002851,0.0284224113495176,0.04157395329157,0.0484375,0.08125,0.24690214818809197,0.5253514515650299,127.01737484037886,213.16869675121438,248.14170706665274
0.4136408865451813,0.5053204298019409,0.5328158140182495,0.5107279419898987,0.4761914193630218,0.5854195892810822,0.2713851630687713,0.4480687081813812,-0.0374867054498733,0.0232174708479209,0.0435205735417075,0.0484375,0.08125,0.19509283263598798,0.47406114639000496,93.8594128870323,188.54935026720239,210.61919873003643
0.4294243454933166,0.493584007024765,0.5468646287918091,0.4991348087787628,0.4878804266452789,0.5720492541790009,0.2629320025444031,0.4355080425739288,-0.0972723936229659,0.0292992477704271,0.0454347556930313,0.0484375,0.08125,0.3674031133882138,0.6347915617473943,204.1379925684568,265.6999496387492,335.0653417587579
0.4741491377353668,0.4895243048667907,0.5913445949554443,0.5019867420196533,0.5295353591442108,0.5704542219638824,0.2594510018825531,0.431998461484909,-0.1371593608853754,0.0249811613468296,0.1207668495716318,0.0484375,0.08125,0.49748120690762193,1.2310407133120247,287.38797242087804,551.8995423897718,622.241875465018
0.4793985784053802,0.4909693598747253,0.5949564576148987,0.5108287930488586,0.5346530258655549,0.574886804819107,0.2539825737476349,0.4377314746379852,-0.1534490165204199,0.0270819769100012,0.1702263916118063,0.0484375,0.08125,0.4036221522244616,1.783322970813484,227.31817742365538,816.9950259904723,848.0297319554221
0.4715675711631775,0.4869676232337951,0.5862022042274475,0.5033660531044006,0.5265974998474121,0.568989485502243,0.2523040175437927,0.4373734295368194,-0.176718106648328,0.0217420604249834,0.1471088232960596,0.3703125,0.63125,0.4242404431111113,1.7693602858472217,34.513883591111245,546.2929372066664,547.3821164437394
0.4819628298282623,0.4938377141952514,0.5977829098701477,0.5149190425872803,0.5339594960212708,0.5762942790985107,0.249755322933197,0.4349024295806885,-0.1596679537177112,0.0419442216573205,0.1795979982011253,0.3703125,0.63125,0.618254568724926,2.06035743221475,158.68292398395266,685.97156746308,704.0861181218188
0.4967589974403381,0.4987954497337341,0.6137089729309082,0.5200404524803162,0.5493079006671906,0.5799856841564178,0.2532254755496979,0.4350936710834503,-0.1323567228605185,0.0466202846009071,0.1784281782075009,0.3703125,0.63125,0.6198942907414617,2.195241384391293,159.7323460745355,750.7158645078205,767.5211603638036
0.5055021047592163,0.5034412145614624,0.6218794584274292,0.5257304310798645,0.5572423815727234,0.5847421288490295,0.2514505386352539,0.4316183924674988,-0.1257511899569529,0.0518094334554789,0.1918389377836838,0.3703125,0.63125,0.6542027501912931,2.282145283565042,181.68976012242763,792.4297361112201,812.9920390794999
0.4970265924930572,0.4980783760547638,0.6130239367485046,0.5190399885177612,0.550999003648758,0.5812850832939148,0.2507173717021942,0.4324328899383545,-0.1368891526706296,0.054598608963173,0.1809689436833324,0.3703125,0.63125,0.48597624771359627,1.9149675043208383,74.02479853670161,616.1844020740024,620.6149274370501
0.4807628691196441,0.4975463151931762,0.5953797698020935,0.514488160610199,0.5356684923171997,0.5770891547203064,0.2482606768608093,0.4293025732040405,-0.1520066754331144,0.0497688164473956,0.149037163918357,0.2109375,0.5833333333333334,0.4276909233749055,1.98189753819928,138.72219095993952,671.3108183356544,685.4940270193548
0.4786348342895508,0.4967657923698425,0.5933308601379395,0.5085463523864746,0.5337544202804565,0.574463963508606,0.2501705288887024,0.4293925762176513,-0.1552816007948222,0.0441828803172454,0.1117122367597374,0.2109375,0.5833333333333334,0.4621990703553209,1.779253306573184,160.80740502740537,574.0415871551282,596.13988735466
0.4806782603263855,0.4965509176254272,0.5962895750999451,0.5091108083724976,0.5348029613494873,0.576130211353302,0.2512687444686889,0.4315217733383178,-0.1580172644872959,0.0477942974147945,0.1163977915014586,0.2109375,0.5833333333333334,0.5429355642980719,1.6529318396435124,212.478761150766,513.407283028886,555.6386075564467
0.476943165063858,0.4978584349155426,0.5923919677734375,0.5105476975440979,0.5330633282661438,0.5776353776454926,0.2529352903366089,0.4328902065753937,-0.1464985684155954,0.0491291969197374,0.1136369732339647,0.2109375,0.5833333333333334,0.41159777823229593,1.6026583614384966,128.4225780686694,489.2760134904784,505.84916322451136
0.4716036319732666,0.5030384063720703,0.5873883962631226,0.5139538645744324,0.5289327800273895,0.5800571382045746,0.2509162724018097,0.433281809091568,-0.160594703654782,0.0473814571973429,0.0976983434059588,0.2109375,0.5833333333333334,0.36723358662559424,1.9412690487973137,100.02949544038032,651.8091434227106,659.439958910214
0.472809374332428,0.4973455369472503,0.589198648929596,0.5074335336685181,0.5294218182563781,0.5757673919200897,0.2507878541946411,0.4348539412021637,-0.1390628498199177,0.0432931607014245,0.0905845005835762,0.409375,0.1354166666666666,0.40159391661187444,1.5868005544352446,4.979893368400354,696.6642661289175,696.6820645308044
0.4727322161197662,0.4971529841423034,0.5890159010887146,0.5076004862785339,0.5291084349155426,0.5757504761219024,0.2534171044826507,0.4365067780017853,-0.1264956751328636,0.0457459227949542,0.0938709848643671,0.409375,0.1354166666666666,0.4265092822274471,1.5302108572537638,10.965940625566155,669.5012114818066,669.591012506448
0.4699479937553406,0.49775230884552,0.5862584710121155,0.5080172419548035,0.5266022026538849,0.5765154600143433,0.2544693648815155,0.4366360306739807,-0.1289674799366404,0.0469600385609956,0.0918870773759681,0.409375,0.1354166666666666,0.41789973325909036,1.4861058765862236,5.455829285817835,648.3308207613874,648.3537762844682
0.4682535231113434,0.4987347722053528,0.5845082402229309,0.5082677602767944,0.5249322295188904,0.5771359145641327,0.2540331482887268,0.4373507797718048,-0.1331268481774503,0.0461246930761495,0.0868810483852013,0.409375,0.1354166666666666,0.42524773344493166,1.520660508262824,10.158549404756272,664.9170439661556,664.9946401909563
0.4724930822849273,0.4900095760822296,0.5875186920166016,0.4987271726131439,0.5262259364128112,0.5682228803634644,0.2557593584060669,0.4361299276351928,-0.1165642413183156,0.0224676734299606,0.0799688460657042,0.409375,0.1354166666666666,0.5735327096455537,1.3030554134637609,105.06093417315438,560.4665984626052,570.2285575815886
