head_condition:,leftdx,leftdy,rightdx,rightdy,face_center_x,face_center_y,face_width,face_height,face_yaw,face_pitch,face_roll,dot_x,dot_y,pred_dot_x,pred_dot_y,x_error_pixels,y_error_pixels,total_error_pixels
LEFT,0.4762276113033294,0.4703002274036407,0.5790618658065796,0.472631573677063,0.5274242460727692,0.5356272518634796,0.2371875941753387,0.3748005926609039,-0.0099069633903548,0.006911654939906,0.0217364713925868,0.390625,0.8583333333333333,0.3976909387458978,0.5168201326450479,13.566602392123741,409.8158408259425,410.0403347139647
RIGHT,0.4019647240638733,0.4887039959430694,0.4851833283901214,0.4812472760677337,0.4527738869190216,0.5454842686653137,0.1871897578239441,0.3654865622520447,-0.5453575726081293,0.0303514585409583,0.0826695531536935,0.390625,0.8583333333333333,0.2550974111216723,0.5800320724317738,260.21297064638924,333.9615130818714,423.3687309102451
UP,0.55864417552948,0.4795014560222626,0.6417447924613953,0.4901377260684967,0.5989251673221588,0.5462930977344513,0.1994861662387848,0.3629219830036163,0.4344718759360557,0.0163385092400079,0.1193592060162062,0.390625,0.8583333333333333,0.2431325416872934,0.49011320654123175,283.1855199603967,441.8641521505218,524.821843744084
DOWN,0.475868284702301,0.4385323524475097,0.577813446521759,0.4408433735370636,0.5274028837680816,0.5012346029281616,0.2355510294437408,0.3494492471218109,0.01321222083456,-0.0509540644118738,0.0200116635399453,0.390625,0.8583333333333333,0.383337034174704,0.5639112842036196,13.99289438456833,353.30645895565647,353.5834484715633
CENTER,0.463472455739975,0.5701615810394287,0.576225996017456,0.5729437470436096,0.5187408089637756,0.6301877856254577,0.2497720122337341,0.37653648853302,-0.0036302532478983,0.1487405722187907,0.0229191635180136,0.390625,0.8583333333333333,0.40534574729014955,0.6271457592479046,28.263834797087135,277.4250889025144,278.8611201117952
LEFT,0.4582599997520447,0.4774181246757507,0.5630491971969604,0.476511687040329,0.5133067667484283,0.5434671521186829,0.2408289611339569,0.3843857049942016,-0.0225396890610538,0.0183108122566841,0.011514096464287,0.065625,0.6020833333333333,0.2678479008071555,0.48696115282009755,388.26796954973855,138.1466166158829,412.1122466764273
RIGHT,0.3808875679969787,0.4943975210189819,0.4643884599208832,0.4885275065898895,0.4355708062648773,0.5539573609828949,0.1870004534721374,0.3630388677120209,-0.6074736074779105,0.0355201955611114,0.0534559544566281,0.065625,0.6020833333333333,0.06680230270332727,0.5757003915575464,2.260421190388344,31.65953013094431,31.740122118072065
UP,0.5294348001480103,0.4925110638141632,0.6223791837692261,0.489366203546524,0.5768346071243287,0.5531090676784516,0.2194715142250061,0.3719957172870636,0.347447707449049,0.0320497624399089,0.0428436373911352,0.065625,0.6020833333333333,0.21196212044961693,0.4686672149029873,280.96727126326454,160.09934211641522,323.37966365749384
DOWN,0.4823818802833557,0.4378240406513214,0.5834187269210815,0.4425831139087677,0.5357769668102265,0.5020575761795044,0.2319395840167999,0.346608430147171,0.0404333332776535,-0.056945341411005,0.0427464286134708,0.065625,0.6020833333333333,0.1970512822104749,0.5650479532599277,252.33846184411186,44.44245608808668,256.2222301616193
CENTER,0.4761806428432464,0.5533446073532104,0.5850407481193542,0.5576601028442383,0.52948557138443,0.6142532289028168,0.2428342700004577,0.3716479837894439,-0.0083310772019126,0.1268608710344312,0.0341810013148912,0.065625,0.6020833333333333,0.38402660519813103,0.6157260446309499,611.3310819804116,16.37125355713995,611.5502511963941
LEFT,0.4706966876983642,0.4721946120262146,0.5750204920768738,0.4742621779441833,0.5220908999443055,0.5381511270999908,0.2374811172485351,0.3772275149822235,-0.0236238891320672,0.0111021749289264,0.0171430038300491,0.58125,0.4520833333333333,0.44192471876192424,0.5090166011168494,267.50453997710554,68.31992134021938,276.0910910556453
RIGHT,0.3936738669872284,0.495434433221817,0.476733386516571,0.4908550977706909,0.4440258860588074,0.5568477571010589,0.1800370514392852,0.3653328716754913,-0.619274476038153,0.0409656144122255,0.0410232535875323,0.58125,0.4520833333333333,0.2781730976386438,0.5425307256411273,581.907652533804,108.53687076935276,591.9432138252838
UP,0.5577815771102905,0.492067813873291,0.647544264793396,0.5046394467353821,0.5991661131381989,0.5602235078811646,0.2141124904155731,0.373740553855896,0.3938177777115852,0.0301534561360924,0.130437682314862,0.58125,0.4520833333333333,0.3287334272695961,0.4982406448072329,484.8318196423756,55.38877376867954,487.9854604364099
DOWN,0.4863924980163574,0.4344886541366577,0.5811600685119629,0.4408914446830749,0.5338211059570312,0.4949458003044128,0.2186262607574463,0.3162735402584076,0.0235835373533918,-0.0821819028513776,0.060638188359227,0.58125,0.4520833333333333,0.4238867951664126,0.630197315502145,302.1373532804879,213.73677860257402,370.09511044425335
CENTER,0.478203147649765,0.548815131187439,0.5871015191078186,0.5514106154441833,0.5312017440795899,0.6115000247955322,0.2474054098129272,0.3842731714248657,0.0128180912764703,0.1155736110589768,0.0170506646353726,0.58125,0.4520833333333333,0.39769071198914874,0.5632702311703651,352.4338329808345,133.42427740443821,376.8443238665792
LEFT,0.4744903445243835,0.4594883322715759,0.5746995210647583,0.4597284495830536,0.5235923409461976,0.5235877275466919,0.2297174334526062,0.3602891564369201,-0.0119453225321411,-0.0130397149611168,0.0018182785732844,0.759375,0.2916666666666667,0.4922274805935831,0.5085945815563083,512.9232372603204,260.31349786757,575.1985435427113
RIGHT,0.3969239592552185,0.4889768362045288,0.4825178682804107,0.4770098626613617,0.4485534131526947,0.5443565428256989,0.1850291788578033,0.3579533398151397,-0.5514733796898438,0.0311964836002168,0.1248950831087405,0.759375,0.2916666666666667,0.3041963668392158,0.5560370674267461,873.9429756687057,317.2444809120953,929.7421069252789
UP,0.5588176250457764,0.479324072599411,0.6465529203414917,0.4952686429023742,0.5982442200183868,0.550767058134079,0.2104392945766449,0.3689712584018707,0.3574372437659419,0.0236581428346768,0.1630820717505177,0.759375,0.2916666666666667,0.3812962036686063,0.47969118750124135,725.9112889562759,225.62942500148958,760.1682950904126
DOWN,0.4838719964027405,0.4448197484016418,0.5831719636917114,0.4526220858097076,0.5316639423370362,0.5105474412441253,0.2287635803222656,0.3475306034088135,-0.0038819535926895,-0.0504882348219633,0.0714739468226713,0.759375,0.2916666666666667,0.4939422790839773,0.5645945441855831,509.63082415876363,327.51345302269965,605.7958722569779
CENTER,0.4876044690608978,0.5334163308143616,0.5940030813217163,0.5391542315483093,0.535429060459137,0.5979371130466461,0.2399900555610656,0.384184330701828,0.0074666603748045,0.1061654071530197,0.0469772888784135,0.759375,0.2916666666666667,0.6265976392161252,0.554172268718724,254.93253270503965,315.0067224624688,405.2404612423999
LEFT,0.4857789874076843,0.463075578212738,0.5881622433662415,0.4695056676864624,0.5335512638092041,0.5318027436733246,0.2354428172111511,0.3775195777416229,0.0073078359271659,-0.0013845322521374,0.0626883940923619,0.8078125,0.2041666666666666,0.5495319077220436,0.4968987573184702,495.8987371736763,351.27850878216435,607.7105793572035
RIGHT,0.3993927836418152,0.4859388768672943,0.4850136637687683,0.4767833948135376,0.4496773481369018,0.543222975730896,0.1876980066299438,0.3669576048851013,-0.5505822390879789,0.0302039607720391,0.0943826330963283,0.8078125,0.2041666666666666,0.36755628070950086,0.5545876269364409,845.2919410377584,420.5051523237292,944.1096592632574
UP,0.5722469687461853,0.4789928495883941,0.655966579914093,0.4970640540122986,0.6100440740585327,0.5501325070858002,0.1979112029075622,0.3688389956951141,0.447659302391068,0.0192824799051533,0.2020206634905686,0.8078125,0.2041666666666666,0.3261745834792509,0.4935666223144638,924.7447997198384,347.27994677735666,987.8037791193997
DOWN,0.4947278499603271,0.434209793806076,0.5911815166473389,0.4432157874107361,0.5404198348522187,0.4990116119384765,0.2239167392253875,0.3359456956386566,0.0372067954863038,-0.0707640572378699,0.0865718046449041,0.8078125,0.2041666666666666,0.522103360287231,0.5811230521641966,548.5615482485165,452.34766259703594,711.0120815245065
CENTER,0.4822781682014465,0.5472341775894165,0.5910306572914124,0.5521528124809265,0.5348368048667907,0.6098989307880401,0.239821195602417,0.3829160034656524,-0.0190536573339046,0.1258740592016409,0.0436166154871923,0.8078125,0.2041666666666666,0.4003543233943142,0.5880074522750051,782.3196990829168,460.60894273000616,907.8461927529573
LEFT,0.4866681098937988,0.4649035036563873,0.5888075232505798,0.4718197286128998,0.5351145744323731,0.53266139626503,0.2349187731742859,0.3719930946826935,-0.0006024687899853,-0.0027738706012017,0.0623713445241918,0.9296875,0.975,0.4970610296700249,0.5190564372391945,830.6428230335522,547.1322753129666,994.6462819245307
RIGHT,0.4058574140071869,0.4806007146835327,0.4904831349849701,0.4751747548580169,0.4535680174827575,0.5399719655513764,0.185939073562622,0.3598016202449798,-0.560804798143316,0.0232320812686952,0.0528386742924945,0.9296875,0.975,0.46711028554881556,0.555360499540965,888.1482517462741,503.56740055084197,1020.9737724239028
UP,0.5704465508460999,0.4886346459388733,0.6556482315063477,0.5094518661499023,0.6063291907310486,0.5600756585597992,0.202139139175415,0.3673254549503326,0.3870927411412388,0.0323652455170409,0.2231325012425557,0.9296875,0.975,0.482066389940556,0.5208211248452214,859.4325313141325,545.0146501857344,1017.676394930184
DOWN,0.4910623133182525,0.4334507584571838,0.5876585245132446,0.4427689909934997,0.5377848744392395,0.4976901471614837,0.2223959565162658,0.3292038738727569,0.0076582908646984,-0.0728632407254263,0.0887889922482062,0.9296875,0.975,0.47393361628913594,0.5992106237519909,875.047456724859,450.9472514976109,984.4092010713297
CENTER,0.4873626828193664,0.5819891095161438,0.6025112271308899,0.5864537954330444,0.5395559370517731,0.6400758981704712,0.243618756532669,0.3577446937561035,0.003227663527347,0.1455492872328372,0.0246849989657589,0.9296875,0.975,0.5757568369312542,0.6570040892496205,679.5468730919919,381.59509290045537,779.3579201206662
LEFT,0.4889829158782959,0.4753921329975128,0.593538761138916,0.4817754328250885,0.5367032051086426,0.5436436235904694,0.2374526262283325,0.3821249306201935,0.0111421423898926,0.0126804469042819,0.0560517984873117,0.9625,0.6625,0.5931127827936529,0.5023950443534977,709.2234570361866,192.12594677580276,734.7858813524238
RIGHT,0.4166367948055267,0.4817664325237274,0.5040802359580994,0.4847389757633209,0.461394602060318,0.546451985836029,0.1963009238243103,0.3693892955780029,-0.5040176013539877,0.0261288581975058,0.0426170629981067,0.9625,0.6625,0.6409678424898265,0.5577706749986945,617.3417424195331,125.67519000156659,630.0040319835383
UP,0.5728797912597656,0.4946112036705017,0.6569667458534241,0.5053693652153015,0.608691132068634,0.560770183801651,0.1955003142356872,0.3658305704593658,0.4877586585897167,0.0324364002096252,0.1045203563136755,0.9625,0.6625,0.5029581451615099,0.4828930337993943,882.3203612899009,215.5283594407268,908.2630090837963
DOWN,0.4863809943199157,0.432969868183136,0.5843557119369507,0.4393977522850036,0.5345858335494995,0.4960464119911194,0.2249288558959961,0.3303408026695251,0.0242002501536961,-0.0716609959332026,0.0602327864926266,0.9625,0.6625,0.4457375423918215,0.590931110830256,992.1839186077027,85.88266700369283,995.8939505968513
CENTER,0.4847208857536316,0.5471188426017761,0.5953299403190613,0.5513349771499634,0.5346287012100219,0.6083437383174897,0.2402877807617187,0.3755288422107696,0.0027782187648833,0.1116245367205852,0.0319031118789684,0.9625,0.6625,0.6234003361379037,0.5991099460633729,651.071354615225,76.06806472395253,655.5000070719691
LEFT,0.4796584546566009,0.4765006899833679,0.582979679107666,0.4786606132984161,0.5311851322650909,0.5420740664005279,0.2391039431095123,0.3790339529514313,-0.001920666304624,0.0189751058103897,0.0194641559759959,0.521875,0.9791666666666666,0.37154235253596757,0.5081601571818793,288.63868313094224,565.2078113817447,634.6433324683294
RIGHT,0.4145399630069732,0.4799388349056244,0.5005391836166382,0.4802277982234955,0.4592953383922576,0.5426881074905395,0.1921937763690948,0.3653938770294189,-0.5254963867778227,0.0262276250462457,0.0149484680046691,0.521875,0.9791666666666666,0.6302114465899653,0.5580330908358946,208.00597745273342,505.36029099692644,546.4938337918967
UP,0.5578327178955078,0.4900789558887481,0.6467026472091675,0.5010462999343872,0.5993800282478332,0.5569573402404785,0.2055310606956482,0.3713130950927734,0.3991601220217044,0.0355644022088095,0.1081179087631516,0.521875,0.9791666666666666,0.3067565166937441,0.49968108767785674,413.0274879480113,575.3826947865718,708.2774535875767
DOWN,0.4792200028896332,0.4325102269649505,0.5773465037345886,0.4374644458293915,0.5267067909240722,0.4933061838150024,0.2259171605110168,0.3274989128112793,-0.036793904166494,-0.0712067660141377,0.0471025559601475,0.521875,0.9791666666666666,0.540160141689173,0.616048303754196,35.10747204321227,435.7420354949648,437.1540416038265
CENTER,0.4773475527763366,0.5285788774490356,0.585116446018219,0.5358824133872986,0.5305360674858093,0.5905093252658844,0.2412660121917724,0.3837755024433136,-0.0185558870410685,0.0949945986637487,0.0569374314357653,0.521875,0.9791666666666666,0.35770075031829884,0.6354693195833164,315.2145593888662,412.43681650002026,519.0995531257838
LEFT,0.4854260981082916,0.4749735593795776,0.5910151600837708,0.4808630347251892,0.5354363024234772,0.5445699632167816,0.2403090298175811,0.3843479454517364,-0.0049157102192081,0.0096405813728712,0.0566854289682438,0.7296875,0.25,0.47873014461853547,0.4813454705108584,481.838122332412,277.6145646130301,556.0915595638066
RIGHT,0.4117746353149414,0.480283260345459,0.4970901608467102,0.4785260558128357,0.4596794247627258,0.5432840466499329,0.190670371055603,0.3650407791137695,-0.5485376617968951,0.0228565625057148,0.0079274182072259,0.7296875,0.25,0.4209163016964361,0.5354387680528593,592.8407007428427,342.52652166343114,684.6784022445237
UP,0.5455029010772705,0.4886752068996429,0.6373089551925659,0.4957170486450195,0.5883471429347992,0.5558763384819031,0.2187478244304657,0.3745706677436828,0.3373505901054761,0.0274708067927882,0.0668960569652051,0.7296875,0.25,0.35820640092161316,0.46125583246067675,713.2437102305029,253.5069989528121,756.9560018266812
DOWN,0.4951581060886383,0.4301780760288238,0.5929818749427795,0.4403842687606811,0.5433942973613739,0.4944895923137665,0.2239103019237518,0.3245947659015655,0.0377285499368243,-0.0864435992053687,0.100702590111128,0.7296875,0.25,0.3892036050943341,0.6094431473245232,653.7290782188786,431.33177678942786,783.2041939221403
CENTER,0.4857823252677917,0.5125833749771118,0.5898868441581726,0.5184169411659241,0.5345810055732727,0.5776492774486541,0.2382516860961914,0.3856882750988006,-0.0095436805764034,0.0824330484035491,0.0561451277895085,0.7296875,0.25,0.5180577297748883,0.5492327720555703,406.3291588322146,359.0793264666844,542.2557957394856
LEFT,0.4781184792518616,0.4684285521507263,0.5799853801727295,0.4728636145591736,0.5280728101730346,0.5357603073120117,0.236464262008667,0.3746762275695801,-0.0227499815991683,0.001903269857067,0.0441782378822565,0.628125,0.73125,0.43169345399819964,0.5046262896346266,377.1485683234568,271.948452438448,464.9698951245123
RIGHT,0.4126597046852112,0.4819721281528473,0.4986850321292877,0.479331225156784,0.4593805372714996,0.5430801331996917,0.1890737414360046,0.3654118478298187,-0.5326304304582629,0.0272048293529818,0.0170771460381705,0.628125,0.73125,0.524855409364148,0.5542922394828089,198.27761402083595,212.34931262062923,290.5275250165625
UP,0.5733696818351746,0.4857550263404846,0.6584526300430298,0.5038602352142334,0.6122276961803437,0.5563030123710633,0.1976236999034881,0.3665963411331177,0.4556230886613802,0.025587817248319,0.1968117864856929,0.628125,0.73125,0.2865370112581832,0.505285050160606,655.8489383842883,271.1579398072728,709.693214213242
DOWN,0.4850333333015442,0.4365645945072174,0.5838069319725037,0.4441971778869629,0.5324505805969239,0.4998315274715423,0.2262794375419616,0.3322505354881286,-0.0084709242246279,-0.0733793437992163,0.0712584119086803,0.628125,0.73125,0.5168134071264792,0.6026504340797332,213.7182583171601,154.31947910432012,263.6095513617613
CENTER,0.4732359051704407,0.5686560869216919,0.582648515701294,0.5706588625907898,0.5265087127685547,0.6263706922531128,0.2421876192092895,0.3695967197418213,-0.0224862757104316,0.1381404733966756,0.0142086237606606,0.628125,0.73125,0.4257668895082988,0.6423694615431186,388.5275721440664,106.65664614825765,402.90112246524876
LEFT,0.4639143943786621,0.496755301952362,0.5703123807907104,0.495941013097763,0.5201309859752655,0.5616980195045471,0.2453953921794891,0.3894189000129699,-0.0332607571219354,0.0477847939002336,0.0101899887637114,0.2046875,0.3541666666666667,0.20520312235302957,0.5034722143547269,0.9899949178167766,179.16665722567225,179.16939233964834
RIGHT,0.4028500914573669,0.4911580085754394,0.4877620339393616,0.4897013008594513,0.4496672570705414,0.5535025537014008,0.192356526851654,0.372626394033432,-0.5530040372371527,0.0326875767749341,0.0067140447434694,0.2046875,0.3541666666666667,0.5121105703395701,0.5541057263040894,590.2522950519746,239.92687156490723,637.1520034599646
UP,0.5422762036323547,0.4870704710483551,0.6336477994918823,0.4901135861873626,0.5888208270072937,0.5514531135559082,0.2120256423950195,0.3757381439208984,0.383649780726414,0.0302913779537551,0.0167636264146644,0.2046875,0.3541666666666667,0.14263657986099126,0.4680427417900216,119.13776666689677,136.65129014802588,181.29363625206454
DOWN,0.4711684584617615,0.4370431005954742,0.5712035894393921,0.438172310590744,0.5217177033424377,0.4974116444587707,0.2265819311141967,0.3316599130630493,-0.0261997246287828,-0.068601790332349,0.0073345036382931,0.2046875,0.3541666666666667,0.4316620774858267,0.589248038532624,435.7911887727873,282.09764623914873,519.1271927241598
CENTER,0.4580071866512298,0.5675022006034851,0.5677201151847839,0.5666264891624451,0.5140638053417206,0.6219262659549714,0.244878202676773,0.3699902594089508,-0.0373241898955414,0.1526546150956925,0.0089169884133664,0.2046875,0.3541666666666667,0.33402586156242825,0.6796429199643577,248.32965419986226,390.5715039572292,462.8322772435335
LEFT,0.475026786327362,0.486420601606369,0.5810789465904236,0.4879418015480041,0.5264937281608582,0.5525415241718292,0.2419420480728149,0.3862976729869842,0.0002939065027491,0.0344653243685638,0.0073571585818139,0.8359375,0.4333333333333333,0.45900291051396414,0.49634326223387243,723.7144118131889,75.61191468064696,727.6535655844636
RIGHT,0.4098150730133056,0.4859205782413482,0.4964857697486877,0.4898045659065246,0.4528349459171295,0.5520166516304016,0.1928262412548065,0.3727189302444458,-0.5400355477247524,0.033139586764251,0.0623807452759926,0.8359375,0.4333333333333333,0.7495177729436631,0.5468048414134411,165.92587594816692,136.16580969612937,214.64511184597006
UP,0.5712652206420898,0.4894741475582123,0.6561041474342346,0.5047798752784729,0.6085277438163758,0.5583505094051361,0.1940284967422485,0.3717091977596283,0.4854352558230407,0.0287250958930337,0.1725809211532928,0.8359375,0.4333333333333333,0.40835294566203806,0.49768537272661256,820.962344328887,77.22244727193512,824.5862460462512
DOWN,0.4873951375484466,0.4349678456783294,0.5859163999557495,0.4449013471603393,0.5352502822875976,0.4995913028717041,0.2267220616340637,0.330562025308609,0.0286746158082846,-0.0799376856153737,0.0952501650591892,0.8359375,0.4333333333333333,0.45919948085479095,0.6067023947118555,723.3369967588013,208.04287365422664,752.6607789425132
CENTER,0.4872797131538391,0.5451606512069702,0.595473051071167,0.5451488494873047,0.537564480304718,0.6053077280521393,0.2388505935668945,0.3747825920581817,0.0526194036406032,0.1112559725697753,0.011056510889017,0.8359375,0.4333333333333333,0.5456625249562896,0.5620464655206372,557.327952083924,154.45575862476468,578.3347020077666
LEFT,0.4879691004753113,0.4805639982223511,0.5915147066116333,0.4851745069026947,0.5350242853164673,0.5461274743080139,0.2376611232757568,0.3785924315452575,0.0357816783922521,0.0161868575270946,0.0373708298578301,0.99375,0.8541666666666666,0.6296939857198548,0.524146460554958,698.9875474178789,396.0242473340504,803.3796088535995
RIGHT,0.378070056438446,0.496806263923645,0.4538770318031311,0.4860759675502777,0.4324049055576324,0.5519308507442474,0.173829585313797,0.3564492166042328,-0.676540306095595,0.0401860682343834,0.118963098257259,0.99375,0.8541666666666666,-0.0659964101683409,0.5850931924133274,2034.7131075232146,322.88816910400715,2060.173342142383
UP,0.5802463889122009,0.5014221668243408,0.6645628809928894,0.5161601305007935,0.6131417870521545,0.5692421317100524,0.1974638104438781,0.3642740249633789,0.4728681246270254,0.0380732795069757,0.162709868276169,0.99375,0.8541666666666666,0.6480197076038942,0.4924900486068804,663.8021614005232,434.0119416717435,793.0949974584905
DOWN,0.4962593019008636,0.4398148357868194,0.5952569246292114,0.4515089988708496,0.54114870429039,0.5053647577762603,0.2279431521892547,0.340996116399765,0.0306302422840129,-0.0613346208782416,0.1138351090338441,0.99375,0.8541666666666666,0.6202317581935259,0.6006656496864806,717.1550242684302,304.2012203762232,779.0055913225759
CENTER,0.4771567285060882,0.5894079804420471,0.5958346724510193,0.5906000137329102,0.5312923789024353,0.6476183533668518,0.2526641488075256,0.3687626123428345,0.0067901611724083,0.1461714518467514,0.0038582962048162,0.99375,0.8541666666666666,0.5858575440742362,0.6288594576582397,783.1535153774665,270.36865081011234,828.5098888902679
LEFT,0.4782247543334961,0.4685527980327606,0.580106794834137,0.4706267714500427,0.5284590721130371,0.5333133995532989,0.2350536584854126,0.3698982298374176,-0.0095903534534654,-0.0026632478563616,0.0162290240838739,0.6515625,0.88125,0.4328928927591247,0.5193167192175407,419.84564590248067,434.31993693895106,604.0729873168685
RIGHT,0.3840759694576263,0.499379813671112,0.4654760360717773,0.490656703710556,0.4372396826744079,0.5568004608154297,0.1769068241119384,0.3601810932159424,-0.6454484225762499,0.035352771447049,0.0957458640096591,0.6515625,0.88125,0.116197520290102,0.5692734247239302,1027.9007610430042,374.3718903312838,1093.953512185507
UP,0.5794844627380371,0.515628457069397,0.6693114042282104,0.5309033989906311,0.6153027892112732,0.5830409049987793,0.2038218975067138,0.3715354204177856,0.4118878898011559,0.0710281663252226,0.1623434605541652,0.6515625,0.88125,0.5950286431989468,0.5148753765881735,108.54500505802228,439.64954809419174,452.850685394726
DOWN,0.4760439395904541,0.4381230473518371,0.5744500160217285,0.44127157330513,0.5253299295902252,0.4997606456279754,0.225500077009201,0.3346880972385406,-0.0037272714417063,-0.0692900143353645,0.0253692568748492,0.6515625,0.88125,0.4402278041178196,0.5850045550095206,405.7626160937865,355.4945339885752,539.4623845228023
CENTER,0.4639772772789001,0.6050719022750854,0.5832549333572388,0.6059809923171997,0.5235973775386811,0.6586554646492004,0.2471385896205902,0.3579546809196472,0.0125284666621244,0.1736848643148269,0.000357707684185,0.6515625,0.88125,0.3040694549629335,0.721495435401559,667.1866464711677,191.70547751812913,694.1822608939938
LEFT,0.4555153250694275,0.4971699118614197,0.5613209009170532,0.4934510588645935,0.5120242476463318,0.5606163620948792,0.2429389953613281,0.3861546516418457,-0.0377524632959095,0.0476971876640014,0.0385551075661838,0.1375,0.3416666666666667,0.21902552759028013,0.49978451174059857,156.5290129733378,189.74141408871827,245.97385251850207
RIGHT,0.4009683132171631,0.498007208108902,0.4860736727714538,0.4935267567634582,0.4521765172481536,0.5609065115451812,0.1895766854286193,0.3747395575046539,-0.5760136000822494,0.0367906899324512,0.0371988532677052,0.1375,0.3416666666666667,0.23889893724081648,0.5159066974298258,194.68595950236764,209.0880369157909,285.6928945715253
UP,0.5801552534103394,0.4949859380722046,0.666143000125885,0.5105963349342346,0.6132551789283752,0.5638400673866272,0.2036565542221069,0.3710386753082275,0.4052596150187749,0.0360870914615848,0.1643675323601747,0.1375,0.3416666666666667,0.6746818469312488,0.48840747930408523,1031.3891461079977,176.08897516490228,1046.31300187086
DOWN,0.4809044897556305,0.4455450177192688,0.5820673704147339,0.4486802518367767,0.5307012021541595,0.5087982475757599,0.2302895486354828,0.3457408845424652,-0.0319959856274592,-0.0445730802811689,0.0270108994107766,0.1375,0.3416666666666667,0.4487780006877583,0.5564122561187184,597.653761320496,257.69470734246204,650.8429769251977
CENTER,0.4768622517585754,0.5810698866844177,0.5903484225273132,0.587501585483551,0.5318495035171509,0.6393880903720855,0.244084894657135,0.3628101646900177,-0.0318599338472038,0.1582682822227145,0.0526549461090901,0.1375,0.3416666666666667,0.38110579090081154,0.6886717808019924,467.7231185295581,416.4061369623909,626.2259867707156
LEFT,0.4757138192653656,0.4845266342163086,0.580803632736206,0.4864888787269592,0.5288096845149994,0.5503874659538269,0.2397446930408477,0.3798136711120605,-0.0221489920376625,0.0319180956828833,0.0172699782006562,0.0265625,0.6,0.3245369124361332,0.5074537957623978,572.1108718773758,111.05544508512261,582.7899806991758
RIGHT,0.4063552021980285,0.4951413571834564,0.4890064597129822,0.4936284720897674,0.4570298671722412,0.5569738030433655,0.1893548965454101,0.3644468188285827,-0.5514686255055326,0.0377323019107507,0.0076364268135703,0.0265625,0.6,0.18545240806668273,0.5628559162175238,305.0686234880309,44.57290053897136,308.30765235287134
UP,0.5601017475128174,0.4931910634040832,0.6457059979438782,0.4991271793842315,0.6016749620437623,0.5564544439315796,0.1943035721778869,0.3657854199409485,0.4887158180702131,0.0351162426523918,0.0645066480359847,0.0265625,0.6,0.24242654216308487,0.4937570565397133,414.458960953123,127.491532152344,433.62463154771837
DOWN,0.485813558101654,0.4341281056404114,0.5836749076843262,0.4397550225257873,0.5345114767551422,0.4955936908721924,0.2258560955524444,0.3259900212287903,-0.0042485471677473,-0.0780295308001802,0.0524625176856168,0.0265625,0.6,0.4218676090236124,0.6092186518348051,758.9858093253358,11.062382201766097,759.0664233499023
CENTER,0.4716541767120361,0.5682799816131592,0.5840710401535034,0.5740106701850891,0.530321455001831,0.6302638113498688,0.2506689429283142,0.3789961636066437,-0.0106418291928692,0.1298166525268025,0.0395059865775781,0.0265625,0.6,0.12330668325699173,0.6290118801012174,185.74883185342412,34.814256121460964,188.98322931996455
LEFT,0.483175128698349,0.4728673696517944,0.5886040925979614,0.4783143997192383,0.5319140374660491,0.5403672337532044,0.2369038760662078,0.3757917881011963,-0.0038193271628816,0.0074201315200944,0.0467901484118806,0.9546875,0.4895833333333333,0.5791910407809102,0.5109861657926588,720.9532017006525,25.68339895119054,721.4105322381339
RIGHT,0.392253965139389,0.4953591525554657,0.4785968363285064,0.4914906919002533,0.4416182518005371,0.5575481534004212,0.1894350051879882,0.3701578974723816,-0.5421107346566854,0.0312038110089193,0.0376660409160089,0.9546875,0.4895833333333333,0.4289618843911737,0.5408237441417199,1009.3931819689466,61.488492970063845,1011.2642733594046
UP,0.5944823026657104,0.4876374006271362,0.6795939207077026,0.5105259418487549,0.63197620511055,0.5607642114162446,0.2001707851886749,0.3698918521404266,0.4417096434112589,0.0141951693069441,0.260838538384502,0.9546875,0.4895833333333333,0.2672042604192232,0.5009767986664625,1319.9678199950915,13.67215839975502,1320.0386258507372
DOWN,0.4941537976264953,0.4406618475914001,0.591099739074707,0.4470204710960388,0.5425366938114167,0.503583836555481,0.2237679660320282,0.3318937122821808,0.029601685151058,-0.071724163011645,0.0606478105355289,0.9546875,0.4895833333333333,0.3738270009848529,0.584925388650428,1115.2521581090825,114.4104663805136,1121.1053166337106
CENTER,0.5027151107788086,0.5472871661186218,0.6111382246017456,0.5527816414833069,0.5494399964809418,0.6091728687286377,0.2379380762577057,0.3706468939781189,0.043398025796239,0.1184757775403828,0.0412452910227543,0.9546875,0.4895833333333333,0.6993305999081788,0.5819048133109739,490.2852481762967,110.78577597316868,502.64611083472033
LEFT,0.4918673932552337,0.4711262285709381,0.5947393774986267,0.4777966141700744,0.5400818884372711,0.5388896465301514,0.2356836497783661,0.3755622506141662,0.0129292505492062,0.0066540610380535,0.0598610518900916,0.7609375,0.375,0.5089485592249122,0.5114240243622082,483.8187662881686,163.7088292346499,510.76528795718417
RIGHT,0.4073590636253357,0.481444239616394,0.4960269927978515,0.4787753224372864,0.4536589860916137,0.5448185980319977,0.1939954161643982,0.3716478645801544,-0.5126742747341309,0.0308968020597199,0.0177842857880903,0.7609375,0.375,0.6322989035967442,0.522033635219968,246.98610509425117,176.44036226396165,303.5347386139954
UP,0.5557478070259094,0.487897127866745,0.6473323702812195,0.5024198889732361,0.596279364824295,0.5580361306667327,0.2153801620006561,0.3728024065494537,0.3304736473529184,0.0364365014377848,0.1400493110751727,0.7609375,0.375,0.42723004618086924,0.49118065011964573,640.7183113327311,139.41678014357487,655.7110591279275
DOWN,0.4990852773189544,0.4438494443893432,0.5980216264724731,0.4532883763313293,0.5472456693649292,0.5100769758224487,0.2274574637413025,0.3465787768363952,0.036976334234165,-0.0559508804262079,0.0885808362203528,0.7609375,0.375,0.39450622227909465,0.5642358819259548,703.5480532241384,227.0830583111457,739.2878861224619
CENTER,0.4878449440002441,0.5372880101203918,0.5947247743606567,0.5422842502593994,0.5391582429409028,0.5983270704746246,0.2381736934185028,0.3747890889644623,-0.0048002429495395,0.1039668141320238,0.0398574659422254,0.7609375,0.375,0.42466613590807384,0.6090217634416581,645.6410190564983,280.82611612998977,704.0707585100862
LEFT,0.4836709499359131,0.4617518782615661,0.5838261842727661,0.4670774340629577,0.5329092502593994,0.5276721596717835,0.2314010858535766,0.3643043041229248,-0.0176296523731243,-0.0088811998405762,0.0507044670605752,0.875,0.9895833333333334,0.41984851824583275,0.5326481941385962,873.8908449680011,548.3221670336845,1031.6697183592253
RIGHT,0.3952229022979736,0.499010682106018,0.471752405166626,0.4930578470230102,0.4468260407447815,0.5559106171131134,0.1678728759288787,0.3543446958065033,-0.6957462604824283,0.0482048321107904,0.066148270681158,0.875,0.9895833333333334,0.041694631164452156,0.595824323509102,1599.9463081642518,472.5108117890777,1668.26096767442
UP,0.5685321092605591,0.505774736404419,0.6619701981544495,0.5257347226142883,0.6036415815353393,0.5759163141250611,0.2170857191085815,0.3739190101623535,0.2866018834220094,0.055387259058999,0.1990975737882516,0.875,0.9895833333333334,0.7557259377817205,0.5383888182353092,229.00619945909668,541.4334181176291,587.8724229331045
DOWN,0.502548336982727,0.453262448310852,0.6021720170974731,0.4620286524295807,0.5503518939018249,0.5209297180175781,0.2302364110946655,0.3565948009490967,0.0284138714472628,-0.0302067572527842,0.0810937374421445,0.875,0.9895833333333334,0.4131922046253137,0.5281452534152786,886.6709671193977,553.7256959016657,1045.3695759080767
CENTER,0.4885473251342773,0.6143091917037964,0.6101327538490295,0.6133329272270203,0.5468211889266967,0.6656742811203002,0.2387008666992187,0.3310038447380066,0.0142496284399271,0.1891068644845617,0.0106357343857219,0.875,0.9895833333333334,0.3704428480659105,0.7148698387981439,968.7497317134518,329.65619344222733,1023.3031068895002
LEFT,0.4937041401863098,0.4724120795726776,0.5968356728553772,0.4814715981483459,0.5431399941444397,0.5432941615581512,0.2393407225608825,0.3843253552913666,0.0149577720770489,0.0145398675338107,0.0822940844835037,0.88125,0.1458333333333333,0.4051875693022335,0.4888336154171877,914.0398669397117,411.60033850062524,1002.4388844258763
RIGHT,0.398486852645874,0.4723182618618011,0.4720075130462646,0.473009318113327,0.4507588982582092,0.5372623443603516,0.1713236570358276,0.3582217097282409,-0.7230581066779296,0.0285741359805376,0.0398813109391798,0.88125,0.1458333333333333,-0.13811317398488998,0.5403041253744368,1957.1772940509886,473.3649504493243,2013.608039481031
UP,0.5603114366531372,0.4957316219806671,0.6481720805168152,0.5028331875801086,0.5998516798019409,0.5618498980998993,0.2033299207687378,0.3752605020999908,0.4081030454576101,0.0495970227260868,0.0670751609465626,0.88125,0.1458333333333333,0.4163864850892901,0.4584726644550374,892.537948628563,375.167197346045,968.1809829296222
DOWN,0.4911487996578216,0.4488875567913055,0.5905367732048035,0.4570665955543518,0.5398679494857788,0.5159655153751374,0.229741632938385,0.3525846302509308,0.0009470932759101,-0.0406862119030728,0.0753307525781118,0.88125,0.1458333333333333,0.3975222419568079,0.541791211247015,928.7572954429288,475.1494534964181,1043.243555933325
CENTER,0.497401624917984,0.6006276607513428,0.6144883632659912,0.598432719707489,0.5510515391826629,0.6552355945110321,0.2391941249370575,0.3491633832454681,0.0515627104482506,0.1816479442306955,0.016743633143257,0.88125,0.1458333333333333,0.5200869478166145,0.6281683982991646,693.4330601921001,578.8020779589976,903.2503830151607
